DAYS_CREDIT,DAYS_BIRTH,DAYS_EMPLOYED,DAYS_CREDIT_UPDATE,REGION_RATING_CLIENT_W_CITY,REGION_RATING_CLIENT,NAME_INCOME_TYPE_Working,DAYS_LAST_PHONE_CHANGE,DAYS_ENDDATE_FACT,DAYS_ID_PUBLISH,REG_CITY_NOT_WORK_CITY,CODE_GENDER,NAME_EDUCATION_TYPE_Higher_education,DAYS_EMPLOYED_PERC,EXT_SOURCE_1,EXT_SOURCE_2,EXT_SOURCE_3,SK_ID_CURR
-1669.75,-15419.0,-8033.0,-473.25,2.0,2.0,1.0,-1451.0,-1235.5,-4684.0,0.0,0.0,1.0,0.5209806083403593,0.6389081326329586,0.6696672187501426,0.5478104658520093,379882.0
-1078.6,-14302.0,-753.0,-62.2,2.0,2.0,0.0,-612.0,-988.0,-5077.0,0.0,0.0,1.0,0.0526499790239127,0.4722958843444401,0.5526111622753312,0.5549467685334323,426582.0
-230.0,-24760.0,-1688.0,-67.5,2.0,2.0,0.0,-735.0,-114.0,-4915.0,0.0,1.0,0.0,0.0681747118343045,0.7720337631345208,0.6514006709029001,0.402616986570782,102578.0
-1162.7222222222224,-12702.0,-2490.0,-840.4444444444443,2.0,2.0,1.0,-883.0,-1019.5,-4149.0,1.0,0.0,0.0,0.1960321209258384,0.5231145717497033,0.0570162560612019,0.6496476632695324,241859.0
-1492.0,-23152.0,-1549.6666666666667,-947.625,3.0,3.0,0.0,-748.0,-1293.5,-4206.0,0.0,0.0,1.0,0.066025797346428,0.6916111744160162,0.1711811425401219,0.622922000268356,312960.0
-865.0,-15495.0,-4124.0,-126.0,2.0,2.0,0.0,-194.0,-678.0,-4609.0,1.0,1.0,0.0,0.2661503710874475,0.3420187092138289,0.5599248539207906,0.6127042441012546,146276.0
-1115.0,-20066.0,-3141.0,-1015.0,2.0,2.0,1.0,-946.0,-1016.0,-3537.0,0.0,1.0,0.0,0.1565334396491577,0.6859804641549947,0.6132924024146454,0.7295666907060153,222285.0
-1457.742673992674,-20882.0,-4500.333333333333,-809.6195054945056,2.0,2.0,0.0,-348.0,-1237.1170634920634,-4189.0,0.0,1.0,0.0,0.2185561926637897,0.6826587587125349,0.6479715853864009,0.4588587058106657,234391.0
-438.8,-19806.0,-1096.0,-187.2,2.0,2.0,1.0,-244.0,-301.6666666666667,-3265.0,0.0,1.0,0.0,0.0553367666363728,0.5840297663790736,0.6892373137660077,0.3927738606031339,156530.0
-2205.5,-19179.0,-208.0,-1604.5,2.0,2.0,1.0,-1635.0,-1615.0,-2666.0,0.0,1.0,1.0,0.0108451952656551,0.5060001400655352,0.5790194447659611,0.8357765157975799,124943.0
-128.66666666666666,-11381.0,-186.0,-18.33333333333333,2.0,2.0,0.0,-2960.0,-651.2857142857143,-2821.0,1.0,1.0,1.0,0.0163430278534399,0.348947016955506,0.6486496669943141,0.2925880073368475,320197.0
-786.1111111111111,-12837.0,-90.0,-556.3333333333334,2.0,2.0,1.0,-2642.0,-990.4,-4733.0,0.0,0.0,0.0,0.007010983874737,0.4801651404398455,0.5549455355015832,0.1168672659157136,373826.0
-1688.7777777777778,-12030.0,-1295.0,-971.4444444444443,2.0,2.0,1.0,-1756.0,-1475.0,-4094.0,0.0,0.0,0.0,0.1076475477971737,0.2292582035015021,0.6540674062726161,0.6594055320683344,205003.0
-1081.0,-14127.0,-2377.0,-485.2,3.0,3.0,0.0,-1328.0,-879.0,-4851.0,0.0,0.0,0.0,0.1682593615063354,0.4196109292004825,0.4468736084825288,0.6577838002083306,166938.0
-1507.1666666666667,-22813.0,-3510.0,-840.8333333333334,2.0,2.0,0.0,-1275.0,-1010.8,-2581.0,0.0,1.0,0.0,0.1598736809419644,0.7849813913460122,0.7680638487256116,0.6246146584503397,134294.0
-533.0,-15344.0,-2021.0,-43.0,2.0,2.0,0.0,-2205.0,-51.0,-1064.0,1.0,0.0,0.0,0.1317127215849843,0.4705477320661134,0.458662850313521,0.5064842396679806,237664.0
-2019.3333333333333,-18665.0,-10904.0,-1016.0,2.0,2.0,1.0,-626.0,-1431.4,-2198.0,1.0,1.0,0.0,0.584195017412269,0.706135385994635,0.6346222955186676,0.6479768603302221,395556.0
-341.4,-20691.0,-1685.3333333333333,-73.8,2.0,2.0,0.0,-350.0,-307.0,-2464.0,0.0,1.0,0.0,0.0843416195596442,0.5892780246028498,0.2614721801528627,0.0920128093981064,166457.0
-1155.8333333333333,-15801.0,-1336.0,-959.6666666666666,3.0,3.0,0.0,-1025.0,-1145.2,-3402.0,0.0,1.0,0.0,0.0845516106575533,0.6686752392188325,0.6324595292935209,0.3876253444214701,110963.0
-881.6875,-21607.0,-922.0,-608.0,2.0,2.0,1.0,-163.0,-910.1111111111112,-1004.0,0.0,1.0,0.0,0.0426713565048363,0.60831120228654,0.0366887696525918,0.1664055461839363,174216.0
-1889.0,-20768.0,-3519.0,-1021.0,3.0,3.0,1.0,-490.0,-1531.5,-3746.0,0.0,0.0,0.0,0.169443374422188,0.5993639185533685,0.7480516218920271,0.8277026681625442,143400.0
-546.5,-10246.0,-1337.0,-365.75,2.0,2.0,0.0,-201.0,-355.0,-2920.0,1.0,1.0,0.0,0.1304899472965059,0.568749231259,0.2524502374139094,0.5638350489514956,455418.0
-2673.0,-13571.0,-3483.0,-15.0,2.0,2.0,0.0,-1.0,-1334.1055555555556,-4621.0,0.0,0.0,0.0,0.2566502100066318,0.5548096589484373,0.7506678663547283,0.6832688314232291,321897.0
-123.0,-20071.0,-7193.0,-21.0,2.0,2.0,1.0,-2506.0,-620.1666666666666,-3506.0,0.0,1.0,0.0,0.3583777589557072,0.696213287029452,0.5338230352211245,0.4014074137749511,450545.0
-1591.0,-10906.0,-1805.0,-671.75,2.0,2.0,0.0,-789.0,-1622.3333333333333,-3548.0,1.0,1.0,1.0,0.1655052264808362,0.7015103398210738,0.4600857200402014,0.6690566947824041,300912.0
-1593.8333333333333,-15811.0,-420.0,-592.0,2.0,2.0,0.0,-2481.0,-1751.0,-4576.0,0.0,1.0,1.0,0.0265637847068496,0.7642314169789051,0.4379246502278562,0.6279908192952864,211825.0
-1319.8,-14652.0,-2475.0,-1054.0,1.0,1.0,0.0,-582.0,-1056.2,-3912.0,0.0,1.0,1.0,0.1689189189189189,0.383097012249594,0.6189247358492979,0.3910549766342248,218841.0
-323.3333333333333,-8738.0,-1697.0,-95.0,2.0,2.0,1.0,0.0,-253.0,-1395.0,0.0,0.0,0.0,0.1942092011902037,0.1947324237637302,0.0555447738494481,0.2009260877159709,299249.0
-1339.7777777777778,-24227.0,-3825.6666666666665,-733.7777777777778,2.0,2.0,0.0,-747.0,-1442.2,-4390.0,0.0,0.0,0.0,0.15992451550471,0.8166701933750836,0.7633326669721107,0.5388627065779676,174057.0
-1490.75,-24183.0,-3735.0,-623.5,2.0,2.0,0.0,-2.0,-1559.3333333333333,-4734.0,0.0,1.0,0.0,0.1583695230306505,0.755251662821853,0.7299416405545802,0.656158373001177,429092.0
-1403.875,-11931.0,-2588.0,-883.8125,2.0,2.0,1.0,-277.0,-1063.2857142857142,-3661.0,0.0,1.0,1.0,0.2169139217165367,0.6133647017731813,0.6366683654586383,0.7062051096536562,434288.0
-1637.9126984126983,-20033.0,-7477.0,-933.4920634920636,2.0,2.0,1.0,-1611.0,-1303.6346153846157,-3555.0,0.0,1.0,0.0,0.3732341636300105,0.6049394010179076,0.6204038640552609,0.7480716399694677,178059.0
-1300.1410256410256,-17056.0,-1220.0,-726.474358974359,2.0,2.0,1.0,-1596.0,-972.5714285714286,-115.0,0.0,1.0,0.0,0.0715290806754221,0.5879348764739393,0.6584724255095251,0.4261270494235046,233188.0
-927.1148148148148,-19356.0,-1117.0,-466.2814814814815,2.0,2.0,0.0,-1461.0,-857.5238095238095,-2783.0,0.0,1.0,1.0,0.0577082041744162,0.7948655429608515,0.736265290176582,0.486263225418894,107278.0
-1290.0,-17603.0,-2403.0,-646.8333333333334,2.0,2.0,1.0,-2487.0,-1090.5,-1148.0,1.0,1.0,0.0,0.136510822018974,0.6549297402409044,0.6524328121572834,0.5478104658520093,439298.0
-871.1111111111112,-11058.0,-3354.0,-539.8851851851852,2.0,2.0,0.0,-1207.0,-700.7190476190476,-3041.0,0.0,1.0,0.0,0.3033098209441128,0.2715065729167214,0.0711967767417968,0.3720215982529155,408711.0
-905.4545454545456,-11657.0,-1687.0,-312.3636363636364,2.0,2.0,1.0,-1647.0,-723.1428571428571,-4265.0,0.0,0.0,1.0,0.1447199107832203,0.2912641239752791,0.454561022811932,0.4740512892789932,231817.0
-824.1428571428571,-23002.0,-3986.0,-490.0,3.0,3.0,0.0,-2623.0,-679.6666666666666,-4049.0,0.0,1.0,0.0,0.1811171754954373,0.6924816784850528,0.4015554181777745,0.6263042766749393,280265.0
-2599.5,-22227.0,-7051.0,-1243.5,2.0,2.0,0.0,-1546.0,-1984.5,-4719.0,0.0,1.0,0.0,0.3096380802142835,0.5802380356537655,0.229002990241038,0.7016957740576931,353357.0
-496.2857142857143,-15494.0,-6429.0,-37.42857142857143,3.0,3.0,0.0,-193.0,-38.5,-3919.0,0.0,0.0,1.0,0.4149348134761843,0.5024541434626559,0.5225866474437176,0.1117563710719636,200664.0
-857.2936507936507,-15802.0,-364.0,-475.5714285714286,1.0,1.0,0.0,-260.0,-611.8055555555555,-1920.0,0.0,0.0,0.0,0.0230350588533097,0.4834571672267079,0.7341836497772579,0.610348192000519,440839.0
-1525.8333333333333,-24473.0,-2670.6666666666665,-525.1666666666666,2.0,2.0,0.0,-2719.0,-1537.25,-4028.0,0.0,1.0,0.0,0.1123224107319871,0.8057329376278898,0.6010780719795731,0.5406544504453575,279011.0
-1079.3333333333333,-21155.0,-4530.333333333333,-734.2222222222222,2.0,2.0,0.0,0.0,-967.1428571428572,-4324.0,0.0,1.0,0.0,0.2119663219713628,0.7549561773918517,0.4469871199507649,0.5478104658520093,105048.0
-852.6,-21332.0,-140.0,-296.4,2.0,2.0,0.0,-1236.0,-1174.0,-4876.0,1.0,0.0,0.0,0.0065629101818863,0.7991011206359305,0.3280761462759954,0.6380435278721609,378855.0
-521.5,-20918.0,-1603.6666666666667,-204.0,2.0,2.0,0.0,-574.0,-385.0,-4452.0,0.0,1.0,0.0,0.0749527566492398,0.6900668711522645,0.4688100596706009,0.4019418546099074,130373.0
-492.6,-14571.0,-1450.0,-350.0,3.0,3.0,1.0,-190.0,-444.5,-2463.0,1.0,1.0,0.0,0.0995127307665911,0.5768840437041761,0.5469712101291455,0.5954562029091491,156048.0
-1213.857142857143,-15026.0,-1664.0,-426.2857142857143,2.0,2.0,1.0,-2463.0,-879.9,-4030.0,1.0,1.0,0.0,0.1107413816052176,0.3997406023641585,0.2035228320289013,0.4543210601605785,233472.0
-1116.3650793650793,-19148.0,-304.0,-471.5079365079365,2.0,2.0,1.0,-1774.0,-1076.111111111111,-2697.0,0.0,1.0,0.0,0.0158763317317735,0.601422918248943,0.546277532274912,0.622068806417316,398392.0
-410.0,-10555.0,-694.0,-41.0,2.0,2.0,1.0,0.0,-44.0,-2873.0,1.0,0.0,0.0,0.0657508289909995,0.1329989607358906,0.2089097764579239,0.4206109640437848,310068.0
-1583.0,-19352.0,-2017.0,-30.0,2.0,2.0,0.0,-1272.0,-1133.1916666666666,-2879.0,0.0,1.0,1.0,0.104226953286482,0.8311453467437634,0.6455285661083667,0.472936073789983,281862.0
-1865.5,-21191.0,-4734.0,-1009.1,1.0,1.0,0.0,-1800.0,-1569.1,-2612.0,0.0,0.0,1.0,0.2233967250247746,0.720763974199509,0.7115581722701887,0.7267112092725122,182874.0
-1383.2148148148146,-14269.0,-147.0,-798.4074074074074,3.0,3.0,0.0,-2466.0,-1091.202380952381,-4389.0,1.0,0.0,1.0,0.0103020534024809,0.5531072883628888,0.4060038328196142,0.7016962512776158,183771.0
-847.911111111111,-12914.0,-5306.0,-249.3111111111111,2.0,2.0,1.0,-211.0,-918.2777777777776,-3976.0,0.0,0.0,0.0,0.4108719219451758,0.5060096584084333,0.2694195143528657,0.5269653388629231,217113.0
-48.0,-11117.0,-3316.0,-16.0,2.0,2.0,0.0,-399.0,-578.1,-403.0,1.0,1.0,1.0,0.2982819105873887,0.4668921167594516,0.5606359951740744,0.4048783643353997,110170.0
-944.4285714285714,-16828.0,-1383.0,-100.85714285714286,2.0,2.0,1.0,-1671.0,-842.2,-380.0,0.0,1.0,0.0,0.0821844544806275,0.8181494324704242,0.6745393504219841,0.5954562029091491,313702.0
-1905.6666666666667,-14042.0,-4145.0,-1629.5555555555557,2.0,2.0,1.0,-2195.0,-1654.875,-4423.0,1.0,0.0,0.0,0.2951858709585529,0.1560449222043101,0.7391805024792333,0.8193176922872417,412427.0
-412.0,-10976.0,-2468.0,-26.0,2.0,2.0,1.0,0.0,-580.530303030303,-3492.0,1.0,1.0,1.0,0.2248542274052478,0.6402366989597943,0.5309486324511679,0.3656165070113335,330798.0
-1762.125,-12721.0,-537.0,-602.125,2.0,2.0,0.0,-1711.0,-1326.6666666666667,-4986.0,0.0,1.0,1.0,0.0422136624479207,0.5179238752122115,0.4494424616658216,0.4294236843421945,281632.0
-649.5,-16109.0,-2611.0,-205.0,2.0,2.0,1.0,-134.0,-472.0,-6108.0,0.0,1.0,1.0,0.1620833074678751,0.6268782194327897,0.5789608097707029,0.4828775557402441,105235.0
-1868.2,-19008.0,-3779.6666666666665,-754.2,2.0,2.0,0.0,0.0,-1625.6666666666667,-2546.0,0.0,1.0,0.0,0.2007147070389759,0.6400069341053792,0.1988977040581556,0.524496446363472,112939.0
-591.0,-15754.0,-3650.0,-8.0,3.0,3.0,1.0,-2653.0,-604.3888888888889,-4938.0,0.0,0.0,0.0,0.2316871905547797,0.2672466539593016,0.3309555979755905,0.7181383899615779,114520.0
-974.0,-14165.0,-6189.0,-682.5,3.0,3.0,1.0,-744.0,-1371.8,-1983.0,0.0,1.0,0.0,0.4369219908224497,0.5641688032308855,0.4062200722936511,0.1929422277169508,243197.0
-261.0,-11634.0,-741.0,-72.5,2.0,2.0,1.0,-616.0,-139.0,-2881.0,0.0,0.0,1.0,0.0636926250644662,0.3181565891545485,0.5971442813126849,0.0322941806027776,417642.0
-1117.75,-16862.0,-3187.0,-650.1527777777778,2.0,2.0,1.0,-1.0,-981.1333333333332,-404.0,0.0,1.0,0.0,0.1890048630055746,0.5862002262261862,0.5128845033632096,0.6411497552146068,117990.0
-1154.0555555555557,-20412.0,-5370.333333333333,-373.0138888888889,2.0,2.0,0.0,-1185.0,-914.5,-3346.0,0.0,1.0,0.0,0.2667146050116033,0.7201508327786582,0.5078680967443623,0.598576343242344,400317.0
-1001.0,-15605.0,-3128.0,-120.5,2.0,2.0,0.0,-2564.0,-480.0,-3168.0,0.0,1.0,0.0,0.2004485741749439,0.7802250740917183,0.551059027384631,0.8083935912119442,307059.0
-1026.2666666666669,-14320.0,-5003.0,-541.4,2.0,2.0,0.0,-460.0,-891.3055555555557,-4046.0,0.0,1.0,0.0,0.3493715083798883,0.4855698793942585,0.1481285293755154,0.7597121819739279,132033.0
-195.0,-10122.0,-1533.0,-26.0,2.0,2.0,0.0,0.0,-443.0,-1024.0,1.0,1.0,0.0,0.1514522821576763,0.3256061398927402,0.1923160541736026,0.1061556230153924,414962.0
-1066.7777777777778,-18066.0,-1492.0,-697.0555555555557,2.0,2.0,0.0,-1101.0,-665.3333333333334,-1562.0,1.0,1.0,0.0,0.0825860732868371,0.6052889420072755,0.7212516717738992,0.6872553810474532,165247.0
-1737.75,-15431.0,-2802.0,-549.25,2.0,2.0,1.0,0.0,-1958.6666666666667,-4117.0,0.0,1.0,0.0,0.1815825286760417,0.6173755955603818,0.5972284469466428,0.4258928980051529,325195.0
-1791.142857142857,-23818.0,-5245.0,-1168.2857142857142,2.0,2.0,1.0,-477.0,-1362.5,-4405.0,0.0,0.0,0.0,0.2202116046687379,0.791648244381529,0.7175880256172729,0.7700870700124128,284242.0
-551.0,-19789.0,-3673.0,-86.0,3.0,3.0,1.0,-724.0,-182.0,-1940.0,0.0,1.0,1.0,0.1856081661529132,0.8210391706927267,0.4879442489313642,0.5046813193144684,350553.0
-1356.0,-16880.0,-3091.0,-947.25,3.0,3.0,1.0,-335.0,-1548.5,-404.0,0.0,1.0,1.0,0.1831161137440758,0.6386734955830545,0.4176404396093431,0.2458512138252296,138395.0
-494.3333333333333,-10010.0,-556.0,-345.6666666666667,2.0,2.0,1.0,0.0,-896.0,-2667.0,1.0,1.0,1.0,0.0555444555444555,0.2346024080458662,0.5876773033942753,0.4294236843421945,334281.0
-2776.0,-16525.0,-720.0,-906.0,2.0,2.0,0.0,-281.0,-930.0,-47.0,0.0,1.0,1.0,0.0435703479576399,0.418795740141874,0.4505898606749242,0.5595098622571859,317721.0
-1864.875,-14843.0,-2256.0,-724.75,1.0,1.0,0.0,-519.0,-1926.6,-4495.0,0.0,0.0,0.0,0.151990837431786,0.6440684899525037,0.6645341913801509,0.5989262182569273,241132.0
-1149.857142857143,-18772.0,-7673.0,-775.8571428571429,3.0,3.0,1.0,-1596.0,-1330.25,-2327.0,0.0,0.0,1.0,0.4087470701044108,0.689391544539156,0.495169298141293,0.6413682574954046,344169.0
-850.5,-13169.0,-1160.0,-483.50000000000006,2.0,2.0,1.0,-693.0,-851.6166666666667,-911.0,0.0,1.0,0.0,0.0880856557065836,0.4169177376066277,0.1629900439034798,0.3994518736990282,327314.0
-917.0,-9863.0,-462.0,-12.0,2.0,2.0,1.0,-7.0,-684.4666666666667,-2535.0,0.0,0.0,1.0,0.0468417317246274,0.1966827360692813,0.5916508859176991,0.6195277080511546,161088.0
-471.8333333333333,-13112.0,-1396.0,-257.6666666666667,2.0,2.0,0.0,-730.0,-376.0,-4207.0,0.0,1.0,0.0,0.1064673581452105,0.4956206778023638,0.4935950322725725,0.2970866116472028,304476.0
-1116.6,-22727.0,-13904.0,-597.9,2.0,2.0,1.0,-1443.0,-1219.0,-3982.0,0.0,1.0,0.0,0.6117833414000968,0.7311346693444641,0.7617924786014114,0.3409064264152384,350352.0
-270.0,-19434.0,-1233.0,-71.5,2.0,2.0,1.0,-588.0,-195.0,-1415.0,0.0,0.0,0.0,0.0634455078728002,0.5061680659167448,0.6823105870345411,0.1021187878635838,393682.0
-2887.0,-15747.0,-8582.0,-696.0,1.0,1.0,0.0,0.0,-1280.611111111111,-4670.0,1.0,0.0,0.0,0.5449926970216549,0.398700034586641,0.7556155783961377,0.3810784928009362,112450.0
-1276.55,-15342.0,-7820.0,-838.7,3.0,3.0,1.0,-608.0,-1466.8,-3914.0,0.0,1.0,0.0,0.5097119019684526,0.372879327158771,0.1648240491098495,0.2238313174701554,139911.0
-1198.6666666666667,-11546.0,-4132.0,-380.6666666666667,2.0,2.0,1.0,-2.0,-565.0,-3024.0,0.0,0.0,0.0,0.357872856400485,0.3527865865802642,0.5786569382458528,0.6446794549585961,332224.0
-1384.0,-10219.0,-1385.0,-432.0,2.0,2.0,0.0,-2108.0,-798.0,-2880.0,0.0,1.0,1.0,0.1355318524317448,0.4195976445437711,0.5108683597774165,0.571864946466505,266358.0
-1010.1176470588236,-22292.0,-7003.666666666667,-473.52941176470586,2.0,2.0,0.0,0.0,-789.2727272727273,-5116.0,0.0,1.0,1.0,0.3200724081481211,0.8104497037690708,0.6620483367059392,0.0005272652387098,193645.0
-1754.3333333333333,-21279.0,-2746.0,-1240.8333333333333,2.0,2.0,0.0,-642.0,-1490.2,-3030.0,0.0,1.0,0.0,0.1302547742293,0.6768165374595161,0.7053524451671614,0.7194907850918436,153253.0
-1797.0,-19898.0,-6579.0,-12.0,3.0,3.0,1.0,-564.0,-1106.702380952381,-3403.0,0.0,0.0,0.0,0.3306362448487285,0.7514087770809675,0.4294391348490808,0.5797274227921155,249092.0
-813.75,-19830.0,-12370.0,-299.5,3.0,3.0,1.0,-2.0,-1120.0,-3366.0,0.0,1.0,0.0,0.6238023197175996,0.7016546928457401,0.3819456791829068,0.4382813743111921,109337.0
-1425.7142857142858,-12760.0,-1021.0,-924.7142857142856,2.0,2.0,1.0,-2204.0,-1603.75,-4193.0,1.0,1.0,0.0,0.0800156739811912,0.449556036104792,0.4885780591849484,0.5424451438613613,281183.0
-454.0,-13741.0,-459.0,-83.0,2.0,2.0,0.0,-543.0,-422.8333333333333,-712.0,0.0,1.0,0.0,0.032855891140127,0.4526876639215746,0.6184191603985886,0.4740512892789932,197753.0
-1003.625,-15802.0,-4268.0,-502.5,2.0,2.0,1.0,-1796.0,-806.8333333333334,-4505.0,1.0,1.0,0.0,0.2700923933679281,0.4820972058160061,0.732545943390588,0.622922000268356,211891.0
-1151.7777777777778,-10823.0,-2995.0,-633.6666666666666,2.0,2.0,1.0,-118.0,-1073.1666666666667,-3026.0,0.0,0.0,0.0,0.2767254920077612,0.4810167021097961,0.4730598030741778,0.3016248916841194,375678.0
-1557.2857142857142,-10133.0,-1182.0,-700.2857142857143,2.0,2.0,1.0,-3.0,-1167.6666666666667,-2807.0,0.0,0.0,1.0,0.1166485739662488,0.3463664731297106,0.5299954794018314,0.5762088360175724,155876.0
-1522.0,-20419.0,-10440.0,-999.0,3.0,3.0,0.0,-1111.0,-1973.0,-588.0,0.0,1.0,0.0,0.5112885058034183,0.6035824440980696,0.4899113637054442,0.7180328113294772,185094.0
-1212.0,-16692.0,-1110.0,-473.2857142857143,2.0,2.0,0.0,-1159.0,-872.5,-225.0,1.0,1.0,1.0,0.0664989216391085,0.7496119677510862,0.4392492168586681,0.6263042766749393,167688.0
-1523.5,-19060.0,-6431.0,-840.5,2.0,2.0,1.0,-326.0,-1316.0,-2547.0,1.0,1.0,0.0,0.337408184679958,0.8033613295621048,0.5475780287348655,0.2471909382666521,278839.0
-1158.428571428571,-20854.0,-14259.0,-794.7142857142857,2.0,2.0,1.0,-1823.0,-896.75,-4080.0,0.0,1.0,0.0,0.6837537163134171,0.4838361285261329,0.2775176345893066,0.6246146584503397,346287.0
-682.3333333333334,-13704.0,-1671.0,-232.66666666666663,2.0,2.0,1.0,0.0,-352.5,-4487.0,0.0,0.0,0.0,0.1219352014010507,0.6205851139181923,0.09353057529565,0.5884877883422673,302464.0
-613.75,-13555.0,-4878.0,-263.0,2.0,2.0,1.0,-1811.0,-502.0,-1919.0,0.0,0.0,0.0,0.3598672076724455,0.2358618521865325,0.1681039395417496,0.221335206354466,421560.0
-1440.5,-13167.0,-1176.0,-799.3333333333334,2.0,2.0,1.0,-924.0,-1365.0,-3845.0,0.0,0.0,0.0,0.0893141945773524,0.1466080950952484,0.6852562947069047,0.1654074596555436,139815.0
-667.5,-9842.0,-401.0,-114.0,2.0,2.0,1.0,-1310.0,-213.0,-2510.0,1.0,0.0,0.0,0.040743751270067,0.2100117283211832,0.5659936562921726,0.3012132727440264,448565.0
-1301.0,-21446.0,-2093.6666666666665,-1065.5,2.0,2.0,0.0,0.0,-2132.0,-4487.0,0.0,1.0,0.0,0.0971808140218399,0.7944658149596543,0.2858978721410488,0.3572932680336494,403058.0
-699.2222222222222,-10613.0,-308.0,-458.77777777777777,3.0,3.0,1.0,0.0,-566.0,-3225.0,1.0,0.0,0.0,0.0290210119664562,0.2374235134546008,0.1671306718025183,0.5334816299804352,159694.0
-1495.2,-23507.0,-1510.6666666666667,-797.0,1.0,1.0,0.0,-170.0,-1275.2857142857142,-3382.0,0.0,0.0,0.0,0.0637307942021006,0.7676964570233008,0.7212296891066754,0.5884877883422673,248344.0
-1339.0,-19433.0,-6737.0,-188.4,1.0,1.0,0.0,-651.0,-594.0,-2644.0,0.0,1.0,1.0,0.3466783306746256,0.7440012201477479,0.5862458925219755,0.6910212267577837,349903.0
-1050.6842105263158,-14863.0,-2900.0,-713.6842105263158,2.0,2.0,1.0,-433.0,-771.4117647058823,-2564.0,0.0,1.0,0.0,0.1951153872031218,0.5720643314623254,0.4756279255769452,0.2405414172860865,324638.0
-267.0,-15372.0,-404.0,-128.0,2.0,2.0,0.0,-149.0,-176.0,-4744.0,0.0,1.0,1.0,0.0262815508717148,0.7158035921130926,0.2172208966926598,0.4400578303966329,157036.0
-1113.6666666666667,-12824.0,-1400.0,-44.66666666666666,2.0,2.0,1.0,-381.0,-107.0,-3020.0,0.0,1.0,0.0,0.1091703056768559,0.7409504300470673,0.5553991632668713,0.5226973172821112,320836.0
-1541.0,-14119.0,-526.0,-862.0,2.0,2.0,1.0,-378.0,-1235.0,-5390.0,0.0,1.0,0.0,0.0372547630852043,0.1431617782035811,0.6525270231165675,0.5609990310831169,423538.0
-1497.6666666666667,-16173.0,-9331.0,-619.5833333333334,2.0,2.0,1.0,-507.0,-1387.0,-5323.0,1.0,1.0,1.0,0.5769492363816237,0.5283053683265273,0.4892884073269679,0.6413682574954046,338010.0
-1430.152777777778,-14538.0,-711.0,-1009.4861111111112,2.0,2.0,0.0,-1.0,-1252.2222222222222,-4092.0,0.0,0.0,0.0,0.0489063144861741,0.6150451317208989,0.6313557794339004,0.5714636866288538,239552.0
-1470.8333333333333,-13258.0,-3068.0,-1080.6666666666667,2.0,2.0,1.0,-2307.0,-1614.5,-4629.0,0.0,0.0,0.0,0.2314074521043898,0.462785223262641,0.5477622136284013,0.2650494299443805,448807.0
-1304.0,-19647.0,-439.0,-808.0,1.0,1.0,0.0,-831.0,-1590.0,-3153.0,0.0,0.0,0.0,0.0223443782765816,0.5313528644430593,0.356639480334996,0.6848276586890367,392302.0
-1993.857142857143,-21054.0,-5319.666666666667,-1220.571428571429,2.0,2.0,0.0,-1091.0,-1440.1666666666667,-4419.0,0.0,1.0,0.0,0.2577280071370933,0.5946240794963269,0.6373964679650582,0.7570690154522959,269102.0
-719.3333333333334,-13152.0,-4858.0,-175.66666666666666,1.0,1.0,0.0,-851.0,-247.0,-4505.0,0.0,0.0,0.0,0.3693734793187348,0.4839211455847313,0.4616831492916249,0.6722428897082422,158639.0
-295.2,-23800.0,-2492.333333333333,-155.0,3.0,3.0,0.0,-705.0,-309.0,-3927.0,0.0,1.0,1.0,0.1066930769805066,0.8156467046543304,0.3479178023295983,0.5531646987710016,445722.0
-65.0,-15757.0,-1112.0,-34.0,2.0,2.0,1.0,-224.0,-912.2222222222222,-3953.0,0.0,1.0,1.0,0.0705718093545725,0.6948101546686092,0.6017228442608689,0.5100895276257282,215705.0
-151.0,-11620.0,-1020.0,-18.0,1.0,1.0,0.0,0.0,-577.1666666666666,-3031.0,1.0,1.0,1.0,0.0877796901893287,0.3997611970572647,0.5528274070125645,0.4202767565665583,437582.0
-689.7489316239316,-23071.0,-8301.0,-362.6260683760684,1.0,1.0,0.0,-20.0,-766.3222222222222,-5452.0,0.0,1.0,0.0,0.3625813702879235,0.6872709117669197,0.7025817144962446,0.4047867407190833,120974.0
-468.8,-13722.0,-1199.0,-206.6,2.0,2.0,1.0,0.0,-336.6666666666667,-986.0,1.0,1.0,0.0,0.0873779332458825,0.5793611939955304,0.2520583901426944,0.4974688893052743,160633.0
-1722.5,-16556.0,-1053.0,-1004.8333333333334,3.0,3.0,0.0,-1384.0,-1442.6,-111.0,0.0,0.0,0.0,0.0636023194008214,0.5837838081435668,0.4618625023138497,0.4471785780453068,288356.0
-1087.0,-16055.0,-1812.0,-597.7777777777778,1.0,1.0,0.0,-119.0,-994.375,-4714.0,0.0,1.0,1.0,0.1128620367486764,0.4435102883911425,0.5475780287348655,0.6894791426446275,138229.0
-1193.5,-13200.0,-594.0,-972.5,2.0,2.0,0.0,-585.0,-973.0,-97.0,1.0,0.0,1.0,0.045,0.440940299425906,0.4629605736682836,0.5424451438613613,268323.0
-1726.0666666666666,-13765.0,-2832.0,-1037.8,2.0,2.0,1.0,-392.0,-1679.0,-2567.0,0.0,0.0,0.0,0.2057391936069742,0.5315958874990542,0.4994715948584082,0.2164029605152194,115547.0
-916.3333333333334,-15168.0,-100.0,-436.3333333333333,3.0,3.0,1.0,-726.0,-1287.0,-4320.0,0.0,0.0,0.0,0.0065928270042194,0.3833737252522965,0.7792473975490688,0.5226973172821112,418221.0
-1335.25,-15992.0,-1444.0,-953.375,1.0,2.0,1.0,-1632.0,-1593.4,-4324.0,0.0,1.0,1.0,0.0902951475737869,0.8878196022244694,0.5699482771101502,0.5406544504453575,155067.0
-355.0,-10790.0,-589.0,-13.0,2.0,2.0,1.0,0.0,-536.6999999999999,-3346.0,0.0,1.0,0.0,0.0545875810936051,0.3494552311618368,0.2665197753925157,0.3842068130556564,143645.0
-813.6666666666666,-15943.0,-1477.0,-242.0,1.0,1.0,0.0,-2033.0,-701.0,-3590.0,0.0,1.0,0.0,0.092642539045349,0.5813358239521537,0.7606676608948685,0.7001838506835805,166966.0
-1716.25,-11389.0,-2814.0,-813.25,2.0,2.0,0.0,-4.0,-1121.3333333333333,-3605.0,0.0,0.0,0.0,0.2470805162876459,0.4046986531644705,0.1698542589574682,0.3734374312955004,419667.0
-1628.0,-12052.0,-22.0,-933.6,2.0,2.0,1.0,-1063.0,-1688.0,-3351.0,1.0,0.0,0.0,0.0018254231662794,0.1442626083977576,0.4060091065198464,0.6925590674998008,137975.0
-1279.0,-15716.0,-2951.0,-783.6923076923077,2.0,2.0,1.0,-8.0,-1360.625,-3969.0,0.0,1.0,0.0,0.1877704250445405,0.4358258754756861,0.4988866386732695,0.3927738606031339,102827.0
-803.6363636363636,-13577.0,-4766.0,-259.72727272727275,2.0,2.0,1.0,0.0,-558.0,-2341.0,1.0,1.0,0.0,0.3510348383295278,0.5078074735839931,0.5337087539863704,0.4830501881366946,239785.0
-1935.25,-15500.0,-1027.0,-1303.0,2.0,2.0,1.0,-1471.0,-1893.9,-4608.0,0.0,1.0,0.0,0.066258064516129,0.66703709439352,0.1021055318630552,0.6430255641096323,178820.0
-1518.75,-15947.0,-1295.0,-384.0,2.0,2.0,0.0,-3280.0,-1377.3333333333333,-4288.0,1.0,0.0,1.0,0.0812064965197215,0.3480984035776711,0.5793871951941204,0.6832688314232291,111162.0
-1029.7142857142858,-14382.0,-3279.0,-661.8571428571429,1.0,1.0,0.0,-1523.0,-826.0,-4964.0,0.0,1.0,0.0,0.2279933249895702,0.5122675668722062,0.7741922865155764,0.7281412993111438,274856.0
-754.0,-17192.0,-2080.0,-39.57142857142857,2.0,2.0,1.0,0.0,-104.0,-736.0,1.0,1.0,0.0,0.1209865053513262,0.5802313849422154,0.6313557794339004,0.5190973382084597,223165.0
-1200.0,-20399.0,-2632.0,-28.0,2.0,2.0,1.0,-797.0,-1065.5,-3945.0,0.0,0.0,0.0,0.129025932643757,0.6809617490141537,0.5004064337187399,0.0691742267133691,424172.0
-91.5,-10099.0,-321.0,-26.0,2.0,2.0,0.0,-373.0,-288.7333333333333,-2653.0,1.0,0.0,1.0,0.0317853252797306,0.2520850620069065,0.0423875656654537,0.3280631605201915,245465.0
-866.704761904762,-13795.0,-2410.0,-253.7619047619048,1.0,1.0,0.0,-1601.0,-892.1666666666666,-1389.0,0.0,1.0,0.0,0.1747009786154403,0.5288362098891456,0.7076242300993474,0.6184798259538374,310995.0
-259.75,-14890.0,-2281.0,-12.25,2.0,2.0,1.0,-416.0,-434.3333333333333,-526.0,1.0,1.0,0.0,0.1531900604432505,0.600435123825484,0.5061245002693311,0.2009260877159709,120686.0
-1227.7,-19056.0,-66.0,-301.7,3.0,3.0,1.0,-474.0,-1031.8333333333333,-2592.0,1.0,0.0,1.0,0.0034634760705289,0.1935562480780234,0.5377988146285196,0.3944954053123993,450416.0
-1282.7449494949497,-19426.0,-1183.0,-558.2222222222222,2.0,2.0,1.0,-1024.0,-954.7222222222222,-2970.0,0.0,1.0,0.0,0.0608977658807783,0.4991629153401873,0.3351962266384302,0.5437108850167888,355306.0
-554.3333333333334,-20970.0,-2626.333333333333,-199.3333333333333,2.0,2.0,0.0,-1486.0,-490.0,-4269.0,0.0,1.0,0.0,0.125244991184709,0.7231032828429411,0.74072056917355,0.8193176922872417,310730.0
-1045.0,-16973.0,-4898.0,-771.0,2.0,2.0,1.0,-1870.0,-771.0,-380.0,0.0,1.0,0.0,0.2885759736051376,0.7533954126370286,0.740905315285037,0.5937175866150576,315646.0
-1227.0,-12447.0,-2355.0,-754.125,3.0,3.0,0.0,-2435.0,-850.0,-4107.0,0.0,1.0,0.0,0.1892022174017835,0.4151610316912601,0.4434007316289801,0.5370699579791587,291343.0
-833.3333333333334,-9388.0,-598.0,-491.0,2.0,2.0,1.0,-4.0,-570.3333333333334,-2058.0,0.0,0.0,1.0,0.0636983383042181,0.4711629879615442,0.1621326848489088,0.6178261467332483,107827.0
-1596.5,-22918.0,-2966.333333333333,-1091.0,2.0,2.0,0.0,-1490.0,-1247.2666666666669,-4516.0,0.0,1.0,0.0,0.1315588216382687,0.6317037359760541,0.7029882364037149,0.7597121819739279,160600.0
-694.0,-22430.0,-4748.333333333333,-18.0,2.0,2.0,0.0,0.0,-561.6111111111111,-4881.0,0.0,1.0,0.0,0.2125596765294585,0.7383073734629134,0.5247194167914286,0.6738300778602003,108429.0
-2334.0,-17896.0,-1695.0,-1969.0,2.0,2.0,1.0,-121.0,-1969.0,-1433.0,0.0,1.0,0.0,0.0947139025480554,0.7138196102169158,0.4536340628995681,0.5240572187804567,449923.0
-1602.125,-11368.0,-1431.0,-1099.75,2.0,2.0,1.0,-1065.0,-1631.0,-3686.0,0.0,1.0,1.0,0.1258796622097114,0.4378852496091693,0.6448026848809506,0.2032521136204725,217774.0
-672.0,-13651.0,-4882.0,-366.0,2.0,2.0,1.0,-428.0,-366.0,-2137.0,0.0,1.0,0.0,0.3576294776939418,0.4528967646020016,0.4568933527514996,0.622922000268356,257815.0
-1432.7142857142858,-12460.0,-2098.0,-881.9285714285714,2.0,2.0,0.0,-1749.0,-1175.3,-491.0,1.0,1.0,0.0,0.1683788121990369,0.0722252825091096,0.5876402113474973,0.2314393514998941,162544.0
-634.25,-11672.0,-1691.0,-74.5,2.0,2.0,0.0,-3512.0,-243.0,-2117.0,0.0,1.0,1.0,0.1448766278272789,0.4360395369794385,0.7823686570671309,0.6801388218428291,274209.0
-562.0,-9659.0,-299.0,-337.0,2.0,2.0,0.0,-793.0,-341.0,-2222.0,0.0,0.0,1.0,0.0309555854643337,0.3183905420643159,0.649526294473761,0.520897599048938,123429.0
-1000.7777777777778,-22067.0,-4077.6666666666665,-729.4444444444445,2.0,2.0,0.0,-541.0,-1302.5,-842.0,0.0,0.0,0.0,0.1948869559758881,0.7049831304857376,0.6287358923082544,0.2650494299443805,171100.0
-1399.2307692307693,-16168.0,-2361.0,-562.8461538461538,2.0,2.0,1.0,-1368.0,-1397.4,-4031.0,1.0,1.0,0.0,0.1460291934685799,0.5370215449178387,0.6274793216538296,0.3001077565791181,195719.0
-329.25,-11102.0,-1143.0,-54.0,3.0,3.0,1.0,-179.0,-84.5,-272.0,1.0,1.0,0.0,0.1029544226265537,0.1132949667037752,0.3744840034485191,0.0744606878956731,132173.0
-593.0,-19170.0,-2062.0,-192.0,2.0,2.0,1.0,-570.0,-522.3333333333334,-2684.0,0.0,0.0,1.0,0.1075639019300991,0.6565602844449016,0.751109633462441,0.7688075728291359,162911.0
-1605.3,-16062.0,-3995.0,-674.9,3.0,3.0,1.0,-2359.0,-1366.2,-4348.0,0.0,0.0,0.0,0.2487236956792429,0.3651979565846604,0.4976839363676369,0.6413682574954046,137512.0
-1064.8152958152957,-17161.0,-2838.0,-225.74314574314576,2.0,2.0,0.0,-1531.0,-726.3611111111112,-686.0,0.0,1.0,0.0,0.1653749781481265,0.8600642553351392,0.6648509862154866,0.4192090985383158,195126.0
-1863.6,-10968.0,-1620.0,-833.6,1.0,1.0,1.0,-62.0,-1420.0,-1967.0,0.0,1.0,0.0,0.1477024070021881,0.509395904211206,0.3047423553585515,0.5111465471625827,123188.0
-1747.6666666666667,-21098.0,-2274.0,-1116.0,2.0,2.0,0.0,-666.0,-1660.5,-4602.0,0.0,1.0,0.0,0.1052931392844143,0.61673424755562,0.5577737834940921,0.5549467685334323,152343.0
-2462.0,-17561.0,-277.0,-1028.0,2.0,2.0,1.0,-3028.0,-1029.0,-1111.0,0.0,1.0,0.0,0.0157735892033483,0.6473754782415148,0.6728039076536225,0.7380196196295241,426431.0
-1595.0,-12610.0,-128.0,-1227.0,2.0,2.0,1.0,-6.0,-1228.0,-4640.0,1.0,0.0,0.0,0.0101506740681998,0.5004108406301594,0.5758500066079526,0.5841582792398086,358495.0
-876.9333333333334,-12024.0,-501.0,-293.55555555555554,2.0,2.0,1.0,0.0,-599.9444444444445,-3378.0,1.0,0.0,0.0,0.0416666666666666,0.310852770906698,0.1136451658963302,0.4346142944035553,373583.0
-690.25,-22726.0,-1937.0,-398.375,1.0,1.0,1.0,-1614.0,-534.5,-4262.0,0.0,1.0,1.0,0.0852327730352899,0.6241621492063286,0.7146673945115752,0.3723336657058204,405466.0
-2576.333333333333,-20810.0,-5997.0,-1298.3333333333333,2.0,2.0,0.0,0.0,-2026.5,-3940.0,0.0,1.0,0.0,0.2911845143967395,0.7745859274684541,0.2462819814243492,0.7688075728291359,205382.0
-940.3333333333334,-16625.0,-2911.0,-531.6666666666666,2.0,2.0,1.0,-1728.0,-680.0,-181.0,0.0,1.0,0.0,0.1750977443609022,0.4162410031511667,0.5225648244418105,0.5744466170995097,141822.0
-268.0,-19809.0,-2649.0,-266.0,1.0,1.0,0.0,-338.0,-635.2777777777778,-3098.0,0.0,1.0,1.0,0.1337270937452673,0.9087553703617728,0.724824954138202,0.3959017186931013,384923.0
-968.8,-13103.0,-313.0,-380.0,2.0,2.0,0.0,-707.0,-1005.0,-3212.0,0.0,1.0,0.0,0.0238876593146607,0.3450876331859096,0.5770779854527057,0.4525335592581747,239010.0
-508.88888888888886,-7778.0,-1173.0,-414.22222222222223,2.0,2.0,0.0,-63.0,-239.16666666666663,-457.0,0.0,1.0,0.0,0.150809976857804,0.1549824620106881,0.5531949771605047,0.4384687975127369,119162.0
-420.0,-10357.0,-1986.0,-111.66666666666669,2.0,2.0,1.0,-1219.0,-631.8916666666667,-2991.0,1.0,0.0,0.0,0.1917543690257796,0.3325970514293864,0.6019534089554641,0.3842068130556564,236507.0
-2141.25,-14155.0,-3571.0,-1531.0,2.0,2.0,1.0,-970.0,-1846.0,-4960.0,0.0,1.0,0.0,0.2522783468738961,0.5848142899736664,0.6093435298473515,0.6722428897082422,402002.0
-746.0,-12705.0,-2856.0,-338.75,3.0,3.0,0.0,-1.0,-461.0,-4956.0,0.0,1.0,0.0,0.224793388429752,0.2527639010162387,0.4342625307191421,0.4794489811780563,326105.0
-1504.6666666666667,-15465.0,-476.0,-441.55555555555554,2.0,2.0,0.0,-1594.0,-1315.3333333333333,-5196.0,0.0,1.0,0.0,0.0307791787908179,0.5490912861235296,0.7091916615715741,0.5262949398096192,210530.0
-1220.0,-9934.0,-2716.0,-686.5,2.0,2.0,1.0,-1094.0,-784.0,-1288.0,1.0,1.0,1.0,0.2734044694986913,0.5608427182693142,0.0994796031974321,0.5011515522907692,250031.0
-349.0,-8928.0,-987.0,-148.0,3.0,3.0,1.0,-304.0,-219.0,-1580.0,1.0,0.0,0.0,0.1105510752688172,0.1912373789275325,0.4596566172114573,0.3576021961245161,130562.0
-1603.3333333333333,-13532.0,-840.0,-898.0,2.0,2.0,0.0,-1263.0,-2062.0,-4261.0,0.0,0.0,1.0,0.0620750812887969,0.4405327350335999,0.6091717365610725,0.180887977767074,415133.0
-1753.8333333333333,-15218.0,-1010.0,-661.6666666666666,1.0,1.0,0.0,-1052.0,-1544.3333333333333,-3254.0,0.0,1.0,0.0,0.0663687738204757,0.5002326386089272,0.6510182189608237,0.5656118693318246,234792.0
-988.5227272727274,-15726.0,-1827.0,-433.6666666666667,2.0,2.0,0.0,-139.0,-812.2857142857143,-2772.0,0.0,1.0,1.0,0.1161770316673025,0.5810190992928227,0.2098219599323879,0.4430469086400821,155043.0
-631.0,-15089.0,-605.0,-229.66666666666663,3.0,3.0,0.0,-249.0,-654.0,-3840.0,0.0,1.0,0.0,0.0400954337596924,0.5808792222419975,0.7382984145920191,0.4311917977993083,257042.0
-793.8571428571429,-15857.0,-3624.0,-206.28571428571428,1.0,1.0,0.0,-571.0,-481.5,-4795.0,0.0,0.0,1.0,0.2285425994828782,0.4876503679215687,0.7873935350800794,0.3893387918468769,121677.0
-1314.857142857143,-17804.0,-3985.0,-280.1428571428572,2.0,2.0,0.0,-1100.0,-474.5,-1359.0,0.0,1.0,0.0,0.2238261064929229,0.7007061128641361,0.7218535828652746,0.228883416700673,171791.0
-2432.75,-19584.0,-5467.0,-1784.5,3.0,3.0,1.0,0.0,-2203.5,-3032.0,0.0,1.0,0.0,0.279156454248366,0.6626680132011363,0.1706110316443571,0.719188086549874,322747.0
-1323.5833333333333,-15483.0,-8330.0,-702.25,2.0,2.0,0.0,-1329.0,-1023.4285714285714,-5131.0,0.0,1.0,0.0,0.5380094296970871,0.5158483902696366,0.5721069732570889,0.3123653692278984,102677.0
-403.6666666666667,-10753.0,-224.0,-17.333333333333332,2.0,2.0,1.0,-487.0,-861.3333333333334,-1595.0,1.0,1.0,0.0,0.0208313958895192,0.2381925732557735,0.6358890065690538,0.1061556230153924,435057.0
-769.9444444444445,-21359.0,-2053.6666666666665,-304.3888888888889,2.0,2.0,0.0,-326.0,-721.875,-4186.0,0.0,1.0,0.0,0.0968338275735853,0.3199236244958182,0.6070768200135904,0.2103502286944494,380768.0
-983.4545454545456,-13940.0,-1299.0,-778.6363636363636,2.0,2.0,1.0,-1406.0,-945.0,-4495.0,1.0,1.0,0.0,0.0931850789096126,0.4716091117701453,0.4091031854924663,0.5884877883422673,136032.0
-849.4,-23357.0,-3490.333333333333,-486.8,2.0,2.0,0.0,0.0,-2353.0,-4437.0,0.0,1.0,0.0,0.1484689655297339,0.7934841584988543,0.2622583692422573,0.6363761710860439,381839.0
-1670.0,-12727.0,-1013.0,-1490.0,2.0,2.0,1.0,0.0,-1490.0,-4245.0,0.0,0.0,0.0,0.0795945627406301,0.3769955008054378,0.1631870354642708,0.7165702448010511,237110.0
-892.2619047619047,-19734.0,-819.0,-472.79761904761904,2.0,2.0,1.0,0.0,-1431.8833333333332,-2598.0,0.0,1.0,0.0,0.0415019762845849,0.6317649734174675,0.2994129859728172,0.4271861994213044,427141.0
-150.0,-20595.0,-3066.333333333333,-71.5,2.0,2.0,0.0,0.0,-134.0,-4072.0,0.0,1.0,0.0,0.1498169084908545,0.745275031335083,0.1465625638307749,0.4849297706965044,411121.0
-1390.351851851852,-12282.0,-1958.3333333333333,-738.9814814814814,2.0,2.0,0.0,-2253.0,-1122.2777777777776,-3951.0,0.0,1.0,0.0,0.159254769848032,0.3317106601274251,0.6479466445230389,0.6430963773194228,275036.0
-846.6666666666666,-9487.0,-2907.0,-650.0,2.0,2.0,0.0,-956.0,-687.3333333333334,-2158.0,0.0,0.0,1.0,0.3064193106356066,0.4866671579729508,0.7771601650656157,0.7136313997323308,327145.0
-1240.2727272727273,-13222.0,-1624.0,-641.9090909090909,2.0,2.0,1.0,-1231.0,-815.0,-5108.0,1.0,1.0,0.0,0.1228255937074572,0.4231088804003405,0.5547943058596416,0.3723336657058204,237228.0
-1002.4444444444443,-10264.0,-1497.0,-736.5555555555555,2.0,2.0,0.0,-1243.0,-845.6666666666666,-2669.0,1.0,1.0,1.0,0.1458495713172252,0.2201685932013369,0.627647986488732,0.5460231970049609,434344.0
-1180.25,-15462.0,-1209.6666666666667,-518.25,2.0,2.0,0.0,-707.0,-1083.2,-4593.0,0.0,1.0,1.0,0.0771574594049957,0.6256898783502979,0.632368026611808,0.6347055309763198,195713.0
-832.2857142857143,-18384.0,-793.0,-237.1428571428572,1.0,1.0,0.0,-1686.0,-499.0,-1936.0,1.0,1.0,1.0,0.0431353350739773,0.6918664726095128,0.3549603995065431,0.3927738606031339,183147.0
-279.0,-15866.0,-352.0,-9.0,2.0,2.0,0.0,0.0,-16.0,-5970.0,0.0,1.0,0.0,0.0221858061263078,0.616476075581234,0.2318881971357951,0.4135967602644276,435416.0
-1561.4,-18959.0,-6862.0,-868.1333333333333,2.0,2.0,0.0,-436.0,-1535.4166666666667,-2464.0,0.0,1.0,0.0,0.3619389208291576,0.6061650349929437,0.6839483875452741,0.1986200451074864,365228.0
-1676.4,-21992.0,-3490.0,-1007.8,2.0,2.0,0.0,-214.0,-1540.0,-5125.0,0.0,1.0,1.0,0.1613293105139483,0.8203510613279185,0.6062001589082111,0.6879328378491735,301469.0
-1316.8,-16092.0,-813.0,-858.8,2.0,2.0,1.0,-3036.0,-1492.6666666666667,-4244.0,0.0,0.0,0.0,0.0505219985085756,0.5582418974948614,0.7848751325262303,0.3280631605201915,256253.0
-1530.4,-17232.0,-948.0,-427.8,2.0,2.0,0.0,-183.0,-700.3333333333334,-766.0,0.0,0.0,1.0,0.0550139275766016,0.6953440990822436,0.5466406518615236,0.746300213050371,102336.0
-1582.9459064327486,-22972.0,-3025.0,-837.9766081871345,2.0,2.0,0.0,-173.0,-1409.2411764705885,-4371.0,0.0,1.0,0.0,0.1335890567974041,0.841634248757075,0.5228157837417698,0.5558283763345915,182302.0
-2685.333333333333,-20292.0,-948.0,-878.3333333333334,2.0,2.0,1.0,-1490.0,-1732.3333333333333,-3275.0,0.0,0.0,0.0,0.0467179183914843,0.6986930419074933,0.5724870076178051,0.813917469762627,246723.0
-1352.2142857142856,-22507.0,-3818.6666666666665,-802.5,2.0,2.0,0.0,-622.0,-1005.3333333333334,-4240.0,0.0,1.0,0.0,0.1715963700995922,0.8096672477203177,0.4170501971074287,0.5923358809250883,396247.0
-1427.905303030303,-20269.0,-4610.0,-710.5113636363636,2.0,2.0,1.0,-26.0,-1177.934920634921,-3453.0,0.0,1.0,0.0,0.2274409196309635,0.799732208338818,0.7668110313812401,0.6183520466720412,382019.0
-1321.857142857143,-19587.0,-4857.0,-708.8571428571429,2.0,2.0,1.0,-1434.0,-1028.7777777777778,-3122.0,1.0,1.0,0.0,0.2479705927400827,0.6923342292630504,0.6047061763753586,0.3723336657058204,295279.0
-961.6666666666666,-17645.0,-4681.0,-384.9333333333333,1.0,1.0,1.0,-599.0,-571.25,-1172.0,0.0,1.0,0.0,0.265287616888637,0.5775440329457688,0.597901565492826,0.6041125998015721,401669.0
-1599.8333333333333,-18647.0,-1393.0,-1066.25,2.0,2.0,1.0,-379.0,-2190.25,-2146.0,0.0,1.0,0.0,0.0747037056899233,0.615094210287202,0.7198294090934483,0.2188590822283744,242819.0
-1878.25,-22201.0,-5445.666666666667,-1092.5,3.0,3.0,0.0,-1092.0,-1457.3333333333333,-4997.0,0.0,1.0,0.0,0.2471188880647204,0.6689158528448389,0.4326085710890147,0.6263042766749393,447018.0
-1421.1666666666667,-23378.0,-7578.0,-894.2222222222222,2.0,2.0,0.0,-605.0,-1315.4444444444446,-4181.0,0.0,1.0,0.0,0.3290117379534094,0.7501532952326269,0.433730739335292,0.6446357251562729,426864.0
-877.3333333333334,-13582.0,-485.0,-333.0,2.0,2.0,1.0,-437.0,-989.0,-2302.0,0.0,1.0,0.0,0.0357090266529229,0.5030413640910056,0.268868925558812,0.5779691187553125,136774.0
-905.3,-13493.0,-6709.0,-43.1,2.0,2.0,1.0,-245.0,-845.0,-885.0,0.0,1.0,0.0,0.4972207811457793,0.6717067247794293,0.4884797068592004,0.5316861425197883,212563.0
-712.0,-14384.0,-4181.0,-504.1666666666667,2.0,2.0,1.0,-1846.0,-601.8,-4715.0,0.0,0.0,0.0,0.2906701890989989,0.5283840508305998,0.6302047884059581,0.5226973172821112,211214.0
-2200.0,-14848.0,-2979.0,-1655.25,3.0,3.0,1.0,-2069.0,-1662.0,-4075.0,1.0,0.0,0.0,0.2006330818965517,0.4896974074006675,0.4910207395561367,0.5930891353338019,313234.0
-2439.75,-21582.0,-5475.0,-948.5,3.0,3.0,0.0,0.0,-1294.0,-4444.0,0.0,1.0,0.0,0.2536836252432582,0.8617061838136815,0.2453495532540649,0.7194907850918436,331103.0
-664.8,-16904.0,-5605.0,-392.8,2.0,2.0,1.0,-715.0,-924.5,-450.0,0.0,1.0,0.0,0.3315783246568859,0.5258870788699687,0.6529978986955522,0.6430255641096323,197956.0
-835.0,-12490.0,-1191.0,-709.6,2.0,2.0,0.0,-684.0,-1621.5,-2828.0,0.0,1.0,1.0,0.0953562850280224,0.6654449700183286,0.5723692596171576,0.4014074137749511,133064.0
-1546.6666666666667,-14053.0,-3565.0,-792.7777777777778,3.0,3.0,1.0,-747.0,-1376.1666666666667,-4928.0,0.0,1.0,1.0,0.2536824877250409,0.4261427621722745,0.6932602806531695,0.6879328378491735,376327.0
-1692.5,-14510.0,-6972.0,-1296.5,1.0,2.0,1.0,-2317.0,-2568.0,-3669.0,1.0,0.0,1.0,0.4804962095106823,0.2675961181150564,0.6867494707720303,0.7180328113294772,430148.0
-323.0,-8093.0,-349.0,-12.0,1.0,1.0,0.0,0.0,-360.8333333333333,-742.0,0.0,0.0,0.0,0.043123687137032,0.1609771586936532,0.2544777431123325,0.2851799046358216,241206.0
-1145.6,-10603.0,-1553.0,-531.2,3.0,3.0,0.0,-1322.0,-573.1428571428571,-3287.0,1.0,0.0,1.0,0.1464679807601622,0.6756553383779825,0.4245008825633369,0.6940926425266661,320770.0
-361.5,-8613.0,-118.0,-23.5,2.0,2.0,1.0,-97.0,-271.0,-1291.0,0.0,1.0,0.0,0.0137002205967723,0.3322556349641959,0.5351614907293769,0.4722533429586386,105427.0
-340.0,-23008.0,-6578.0,-63.0,2.0,2.0,0.0,-1863.0,-417.6666666666667,-4641.0,0.0,1.0,0.0,0.2936957161769096,0.6080798414217272,0.4562856759092172,0.7380196196295241,168497.0
-1516.6666666666667,-16064.0,-1543.0,-722.0,2.0,2.0,0.0,-2485.0,-1449.6666666666667,-4439.0,0.0,0.0,0.0,0.0960532868525896,0.5776380130401041,0.7743337009521575,0.1830351672178103,208057.0
-1113.142857142857,-18078.0,-1889.0,-488.1428571428572,2.0,2.0,1.0,-1366.0,-729.4,-1612.0,1.0,0.0,0.0,0.1044916473061179,0.5534534168046744,0.6391685738972199,0.4632753280912678,261936.0
-533.0952380952381,-8055.0,-1256.0,-196.7142857142857,2.0,2.0,0.0,-566.0,-397.3333333333333,-609.0,0.0,1.0,0.0,0.1559279950341403,0.3310839088424841,0.0200358105998388,0.3617131268713291,233520.0
-1098.070707070707,-24253.0,-3130.0,-721.8181818181819,2.0,2.0,0.0,-462.0,-1487.1296296296296,-4518.0,0.0,1.0,0.0,0.1295085365263227,0.7819567415957543,0.1160301966146369,0.6064828020287202,216976.0
-746.6222222222223,-16446.0,-1320.0,-553.5611111111111,1.0,3.0,0.0,-1350.0,-610.7333333333333,-4.0,0.0,1.0,0.0,0.0802626778547975,0.573938112356008,0.1762183224908176,0.5603827546769283,265754.0
-1286.1666666666667,-18676.0,-3071.0,-424.6666666666667,2.0,2.0,1.0,-1863.0,-736.25,-2046.0,0.0,0.0,0.0,0.1644356393231955,0.7508204943235771,0.6122806019572897,0.5779691187553125,372336.0
-1194.5,-18483.0,-7988.0,-266.5,2.0,2.0,0.0,-2295.0,-593.3333333333334,-1924.0,0.0,1.0,1.0,0.4321809230103338,0.7148333122149645,0.6919194094319698,0.5100895276257282,106444.0
-642.0,-14692.0,-6098.0,-283.5,3.0,3.0,0.0,-983.0,-371.3333333333333,-4602.0,0.0,1.0,0.0,0.4150558126871767,0.5465030863821885,0.3044088688433734,0.4668640059537032,426465.0
-1124.0,-12617.0,-209.0,-360.0,2.0,2.0,1.0,-2371.0,-367.0,-3150.0,0.0,1.0,1.0,0.016564952048823,0.6688007114920729,0.5979331088936938,0.7136313997323308,424599.0
-563.2,-9426.0,-970.0,-361.6,3.0,3.0,0.0,0.0,-451.0,-1791.0,0.0,1.0,1.0,0.1029068533842563,0.6191404685239621,0.585747206032031,0.6041125998015721,266257.0
-295.06666666666666,-8505.0,-1590.0,-108.44444444444444,3.0,3.0,0.0,-509.0,-275.5,-1179.0,0.0,1.0,0.0,0.1869488536155202,0.2946972999962403,0.0912060628009733,0.3050678426586552,423527.0
-1229.5,-18338.0,-11384.0,-361.3333333333333,2.0,2.0,1.0,-1297.0,-850.6666666666666,-1845.0,0.0,1.0,0.0,0.6207874359254008,0.5980225358394894,0.5576011715385502,0.6246146584503397,152219.0
-1645.0,-17083.0,-4046.0,-803.75,2.0,2.0,0.0,-3696.0,-1074.3333333333333,-612.0,0.0,1.0,0.0,0.2368436457296727,0.7359590003664089,0.3784004965938311,0.7252764347002191,295737.0
-1191.279761904762,-24316.0,-7627.0,-581.5625,2.0,2.0,0.0,-1894.0,-1024.7222222222222,-3654.0,0.0,1.0,0.0,0.3171104937565026,0.7815862035204975,0.5779796771885861,0.4374073007564754,368077.0
-1073.8333333333333,-21542.0,-2121.6666666666665,-648.6666666666666,2.0,2.0,0.0,0.0,-985.5,-4649.0,0.0,1.0,0.0,0.0987680511737779,0.6500933671597401,0.6940548814066986,0.6594055320683344,176223.0
-744.0,-9803.0,-1961.0,-279.3333333333333,2.0,2.0,1.0,-823.0,-297.0,-2449.0,1.0,0.0,0.0,0.2000408038355605,0.1369337995718963,0.3554111470927775,0.6075573001388961,339589.0
-2440.0,-14532.0,-4110.0,-1328.0,1.0,1.0,0.0,-2373.0,-1338.0,-4091.0,0.0,1.0,0.0,0.2828241123038811,0.7260289472082755,0.2817197847294197,0.7862666146611379,134537.0
-1079.0,-13584.0,-103.0,-432.0,1.0,1.0,0.0,-1.0,-994.25,-4810.0,1.0,0.0,1.0,0.0075824499411071,0.2232852856062541,0.3786114052020615,0.4543210601605785,287562.0
-248.875,-8955.0,-1024.0,-175.25,2.0,2.0,1.0,-1282.0,-321.0,-1620.0,0.0,0.0,0.0,0.1143495254048017,0.2264500378011567,0.6469533441719847,0.0429292065579847,260873.0
-2409.0,-21106.0,-733.0,-10.0,2.0,2.0,0.0,-2618.0,-1553.5555555555557,-4401.0,1.0,1.0,0.0,0.0347294608168293,0.6244599005246134,0.5991206512158387,0.5832379256761245,140587.0
-805.0,-15000.0,-2974.0,-411.0,3.0,3.0,1.0,-1766.0,-412.0,-3842.0,0.0,1.0,0.0,0.1982666666666666,0.5493692198124962,0.5899962095223239,0.7136313997323308,376010.0
-516.8,-14864.0,-3311.0,-283.6,2.0,2.0,1.0,-3066.0,-372.0,-4521.0,0.0,1.0,1.0,0.2227529601722282,0.6744609227902428,0.7155138847226772,0.6754132910917112,274278.0
-2022.5,-16741.0,-185.0,-1578.5,2.0,2.0,1.0,-2046.0,-1757.0,-183.0,0.0,1.0,0.0,0.0110507138163789,0.5874137815773667,0.4999745490563578,0.8128226070575616,345785.0
-421.5,-8781.0,-553.0,-27.0,2.0,2.0,1.0,-195.0,-244.8333333333333,-835.0,0.0,1.0,0.0,0.0629768819041111,0.1449317368679593,0.0926168789410238,0.3217352821966848,323931.0
-1362.84126984127,-11406.0,-3483.0,-689.3035714285714,1.0,1.0,0.0,-502.0,-1211.8092592592593,-2824.0,0.0,0.0,1.0,0.305365597054182,0.5710665674214813,0.7849009772001934,0.6560471678682145,285666.0
-1527.75,-13814.0,-1390.0,-1039.375,2.0,2.0,1.0,-478.0,-1142.1666666666667,-5407.0,0.0,1.0,0.0,0.1006225568264079,0.4473800915209713,0.7506514945572494,0.6801388218428291,204246.0
-1053.9583333333333,-11645.0,-147.0,-841.6666666666666,2.0,2.0,1.0,0.0,-1164.9666666666667,-4209.0,0.0,0.0,0.0,0.0126234435379991,0.3446833987092311,0.4271848885034565,0.8650561757350248,142683.0
-928.0,-18434.0,-869.0,-161.5,1.0,1.0,0.0,-341.0,-284.0,-1982.0,0.0,0.0,1.0,0.0471411522187262,0.8795397900164835,0.6933765221573932,0.3900484677902289,320038.0
-1188.6666666666667,-16501.0,-7111.0,-479.6666666666667,1.0,1.0,0.0,-1179.0,-1411.5,-49.0,1.0,1.0,1.0,0.4309435791770196,0.8463916776879784,0.7536802215306577,0.7165702448010511,412099.0
-1430.6666666666667,-12437.0,-1901.0,-457.3333333333333,2.0,2.0,1.0,-504.0,-1540.25,-4632.0,1.0,1.0,0.0,0.152850365843853,0.5863953345317117,0.5042987575489829,0.6769925032909132,329999.0
-1122.6666666666667,-15840.0,-1504.0,-716.6666666666666,1.0,1.0,0.0,-2017.0,-1062.5,-4053.0,0.0,0.0,1.0,0.0949494949494949,0.5173102919110822,0.7374440423838029,0.5884877883422673,344842.0
-1391.6,-21171.0,-3153.0,-692.6,2.0,2.0,1.0,-667.0,-2137.0,-4704.0,1.0,0.0,0.0,0.1489301402862406,0.7751702965045428,0.2822643775687258,0.7267112092725122,189168.0
-668.1666666666666,-12471.0,-2842.0,-402.3333333333333,2.0,2.0,1.0,-2100.0,-684.0,-4623.0,0.0,1.0,0.0,0.2278887017881485,0.3060317636011199,0.6372246115618758,0.1139223962922108,407251.0
-1656.5,-21030.0,-1183.3333333333333,-1173.5,1.0,1.0,0.0,-156.0,-1173.5,-2808.0,0.0,0.0,0.0,0.056743433107014,0.7159264255396414,0.4007044107910582,0.4614823912998385,130432.0
-313.24444444444447,-9038.0,-194.0,-45.97777777777778,3.0,3.0,1.0,-1175.0,-355.4444444444445,-638.0,1.0,1.0,0.0,0.0214649258685549,0.3828094245969029,0.466071878529318,0.4867661491148676,267919.0
-1479.2,-23561.0,-1803.6666666666667,-851.4,1.0,1.0,0.0,-2855.0,-1890.5,-4319.0,0.0,1.0,0.0,0.0764360751455484,0.7975528443302015,0.7697695837496529,0.5980205486783122,251576.0
-2818.333333333333,-22089.0,-1593.3333333333333,-1934.3333333333333,2.0,2.0,0.0,-164.0,-2574.5,-4606.0,0.0,0.0,0.0,0.071801803437255,0.8519177199316539,0.7189951348305356,0.8227110772959154,195978.0
-1543.0,-12565.0,-288.0,-225.0,1.0,1.0,0.0,-616.0,-2433.0,-4472.0,0.0,1.0,1.0,0.0229208117787504,0.1096979259225784,0.6676614703394081,0.656158373001177,392728.0
-1156.5,-12548.0,-2120.0,-717.625,2.0,2.0,0.0,-1695.0,-1119.5,-2332.0,1.0,0.0,0.0,0.1689512272872171,0.3269585504325388,0.5597470300497044,0.6178261467332483,120112.0
-344.0,-17092.0,-3641.0,-59.0,2.0,2.0,1.0,-195.0,-100.0,-644.0,1.0,1.0,0.0,0.2130236367891411,0.7515742196071588,0.1596792335026377,0.6212263380626669,274094.0
-219.16666666666663,-8611.0,-731.0,-81.66666666666667,2.0,2.0,1.0,0.0,-188.0,-1279.0,0.0,0.0,1.0,0.08489141795378,0.2862446685272682,0.5181385467795485,0.3490552510751822,404438.0
-1205.6153846153843,-12290.0,-381.0,-873.8461538461538,2.0,2.0,1.0,-3.0,-996.0,-4013.0,0.0,0.0,0.0,0.0310008136696501,0.1059449284730262,0.5017458161340196,0.1862929496555374,290173.0
-1175.5,-10663.0,-2509.0,-230.0,2.0,2.0,1.0,-747.0,-450.0,-1493.0,0.0,1.0,1.0,0.2352996342492732,0.4097286899840235,0.3330458178721503,0.6610235391308081,190294.0
-948.0833333333334,-9242.0,-233.0,-182.75,2.0,2.0,1.0,-436.0,-587.1666666666666,-1925.0,0.0,1.0,1.0,0.0252109932914953,0.2908040892265213,0.4914907487471729,0.5762505685497775,139357.0
-1186.4444444444443,-10179.0,-200.0,-724.4444444444445,2.0,2.0,0.0,-250.0,-968.0,-927.0,1.0,0.0,0.0,0.0196482955103644,0.4706142875058157,0.4457442028405465,0.4650692149562261,274196.0
-862.0,-13386.0,-1416.0,-71.0,3.0,3.0,0.0,-2056.0,-517.0333333333333,-2017.0,0.0,1.0,0.0,0.1057821604661586,0.3714938966857992,0.5302950656963563,0.3912895836056185,143441.0
-1421.75,-19847.0,-419.0,-450.25,1.0,1.0,1.0,-8.0,-1092.4,-3330.0,0.0,0.0,0.0,0.0211115029979341,0.4709232986381466,0.5803834081647697,0.6161216908872079,150211.0
-1005.2,-14024.0,-7241.0,-580.0,2.0,2.0,1.0,-1664.0,-1380.25,-4657.0,0.0,1.0,0.0,0.5163291500285225,0.475232196537276,0.4104730181679674,0.2985949897873972,241137.0
-938.625,-13948.0,-1639.0,-305.375,2.0,2.0,1.0,-1836.0,-663.2,-4643.0,0.0,1.0,1.0,0.1175078864353312,0.4311478991589208,0.6657177562802077,0.5316861425197883,331330.0
-610.0,-19822.0,-1540.0,-260.0,2.0,2.0,1.0,0.0,-262.0,-2644.0,0.0,0.0,1.0,0.0776914539400665,0.7398211107839088,0.6220195840129312,0.6785676886853644,118792.0
-1543.071428571429,-17522.0,-7144.0,-601.4166666666666,2.0,2.0,0.0,-2728.0,-1303.177777777778,-936.0,0.0,1.0,0.0,0.4077160141536354,0.7818637297864293,0.3568903930310812,0.7182875404992455,312696.0
-1099.0,-12637.0,-1837.0,-811.5454545454545,2.0,2.0,1.0,-1916.0,-1032.1,-4221.0,0.0,1.0,0.0,0.1453667800902112,0.3913223356417932,0.6556687484693159,0.3490552510751822,327867.0
-582.0,-18938.0,-8651.0,-313.5,2.0,2.0,1.0,-524.0,-620.0,-2253.0,0.0,1.0,0.0,0.4568064209525821,0.4344179857125714,0.5305619514677582,0.4311917977993083,247574.0
-1550.5,-17974.0,-5780.0,-775.0,2.0,2.0,1.0,0.0,-1540.0,-1498.0,0.0,0.0,0.0,0.3215756092133081,0.5098039301613158,0.3575983894661331,0.8050196619153701,309205.0
-720.3333333333334,-18908.0,-1116.0,-232.22222222222223,2.0,2.0,0.0,-302.0,-957.3333333333334,-2456.0,0.0,1.0,0.0,0.05878208338774,0.5982876102381303,0.4426722800290371,0.475849908720221,131930.0
-899.0,-16402.0,-758.0,-438.0,2.0,2.0,1.0,-559.0,-444.0,-2116.0,0.0,0.0,1.0,0.0462138763565418,0.5339868686835028,0.5508426222824204,0.722392890081304,189360.0
-1450.470588235294,-15566.0,-3917.0,-892.5294117647059,3.0,3.0,1.0,-1655.0,-1517.0,-5043.0,0.0,1.0,0.0,0.2516381857895413,0.6757308821283474,0.3870794589441369,0.3706496323299817,102167.0
-903.0,-19306.0,-2167.0,-9.0,3.0,3.0,0.0,-934.0,-746.7254901960783,-2838.0,1.0,1.0,1.0,0.1122448979591836,0.3610826136715703,0.6428771368990074,0.4632753280912678,453678.0
-1043.0,-10437.0,-3721.0,-14.333333333333334,1.0,1.0,1.0,-888.0,-1007.2,-3065.0,0.0,1.0,1.0,0.3565200728178595,0.5347346786230659,0.6327898761682177,0.3506958432829587,383378.0
-597.0,-11030.0,-1316.0,-19.0,2.0,2.0,1.0,-9.0,-168.83333333333334,-3048.0,1.0,1.0,0.0,0.1193109700815956,0.1403817356673035,0.4610636427251464,0.3170317785834444,209899.0
-2493.0,-23666.0,-6673.666666666667,-968.2,2.0,2.0,0.0,0.0,-2140.6,-4528.0,0.0,1.0,0.0,0.2759273022048686,0.796214856432729,0.5975282404496187,0.6956219298394389,138993.0
-128.0,-19727.0,-2093.0,-8.0,2.0,2.0,1.0,-426.0,-326.5,-2748.0,0.0,0.0,0.0,0.1060982409895067,0.3814528302262449,0.5955387850937409,0.2032521136204725,179569.0
-950.3,-16292.0,-4602.0,-382.3,3.0,3.0,1.0,-1685.0,-783.3419913419915,-394.0,1.0,1.0,0.0,0.2824699238890253,0.4016910161937772,0.5539893781019315,0.4609050481908025,302915.0
-2168.5,-17400.0,-1095.0,-1619.3333333333333,2.0,2.0,1.0,-1676.0,-1901.4,-926.0,0.0,1.0,1.0,0.0629310344827586,0.5788388558085557,0.7282312132183059,0.4170996682522097,334395.0
-1005.6666666666666,-21786.0,-3131.0,-515.6666666666666,1.0,1.0,0.0,-1862.0,-824.75,-4990.0,0.0,0.0,0.0,0.1414471041846468,0.7179056766215477,0.6977984600988109,0.6195277080511546,190042.0
-1035.3333333333333,-16018.0,-9115.0,-466.3611111111111,2.0,2.0,0.0,0.0,-1011.7111111111112,-3920.0,1.0,1.0,0.0,0.5690473217630166,0.6153303572840668,0.0307904706959509,0.5815255107717635,119374.0
-679.3333333333334,-15939.0,-998.0,-64.33333333333333,2.0,2.0,1.0,-2262.0,-210.0,-4122.0,0.0,1.0,0.0,0.0626137147876278,0.6447016329199526,0.7352662178984379,0.7047064232963289,432564.0
-1692.2962962962963,-13566.0,-1355.0,-1079.1805555555557,2.0,2.0,1.0,-630.0,-1561.75,-4270.0,1.0,0.0,0.0,0.0998820580863924,0.1393225441213569,0.4879169303807277,0.5892674334272509,151592.0
-1168.4333333333334,-17678.0,-377.0,-773.1666666666666,1.0,1.0,1.0,-122.0,-1569.0833333333333,-1229.0,0.0,1.0,1.0,0.0213259418486254,0.83399414612301,0.7082978843127133,0.2971240496023128,121282.0
-1003.1428571428572,-17315.0,-2780.0,-386.1428571428572,2.0,2.0,1.0,-395.0,-384.2,-855.0,1.0,1.0,0.0,0.1605544325729136,0.6963935910298324,0.6889749601552724,0.6161216908872079,445119.0
-1584.7142857142858,-19451.0,-3208.0,-584.0,2.0,2.0,1.0,0.0,-2090.0,-2979.0,0.0,1.0,0.0,0.1649272530975271,0.7588704714683802,0.7066641705968951,0.3441550073724169,186332.0
-745.6666666666666,-15052.0,-3689.0,-261.5,2.0,2.0,0.0,-602.0,-317.2,-2103.0,0.0,1.0,1.0,0.2450837098060058,0.5207759368905678,0.7448441362782378,0.4118485559242397,237309.0
-648.4444444444445,-14493.0,-3012.0,-96.66666666666669,2.0,2.0,1.0,-2262.0,-451.4,-4682.0,0.0,0.0,0.0,0.2078244669840612,0.317283069804985,0.6564237130704146,0.4578995512067301,412897.0
-1378.977777777778,-22219.0,-4597.333333333333,-779.7148148148148,2.0,2.0,0.0,-1666.0,-1228.048611111111,-4345.0,0.0,1.0,0.0,0.2070664774260119,0.800549578552455,0.1573197078245665,0.6726164142655565,294992.0
-578.0,-15068.0,-158.0,-576.0,2.0,2.0,0.0,0.0,-684.6666666666666,-3828.0,0.0,0.0,0.0,0.0104857977170161,0.2803043450354401,0.4675414339700931,0.4688409336327712,363813.0
-823.0,-15882.0,-2389.0,-504.0,2.0,2.0,1.0,-1765.0,-505.5,-4098.0,0.0,1.0,0.0,0.1504218612265457,0.5929136529927995,0.7122443761257969,0.7713615919194317,141763.0
-1480.6363636363635,-10240.0,-1288.0,-807.7424242424244,1.0,3.0,0.0,-1191.0,-1058.6666666666667,-2914.0,0.0,1.0,0.0,0.12578125,0.3497755289728899,0.5064305981550545,0.6283647398794833,431425.0
-1734.5833333333333,-14465.0,-264.0,-1215.4166666666667,2.0,2.0,1.0,-2110.0,-1582.0,-4096.0,1.0,0.0,0.0,0.0182509505703422,0.6394543557921095,0.2622583692422573,0.4884551844437485,445383.0
-1167.0,-11216.0,-469.0,-849.0,2.0,2.0,1.0,-2514.0,-860.0,-3308.0,0.0,0.0,0.0,0.0418152639087018,0.3937965614673131,0.6847230974147789,0.7544061731797895,335717.0
-1693.0,-15433.0,-3858.0,-570.8,2.0,2.0,1.0,-1508.0,-1753.75,-4918.0,0.0,1.0,0.0,0.2499838009460247,0.6228727443196758,0.7402751475390011,0.6178261467332483,364992.0
-725.0,-15345.0,-2203.0,-536.0,1.0,1.0,0.0,-1941.0,-542.0,-4973.0,0.0,1.0,1.0,0.14356467904855,0.6918386714748864,0.6749232908432531,0.7557400501752248,260600.0
-1350.7272727272727,-16651.0,-5083.0,-943.4545454545456,2.0,2.0,1.0,0.0,-1089.111111111111,-190.0,0.0,1.0,0.0,0.3052669509338778,0.7822419016826899,0.4729943912409763,0.3606125659189888,381560.0
-679.75,-8619.0,-296.0,-495.0,2.0,2.0,1.0,0.0,-505.6666666666667,-1210.0,0.0,0.0,0.0,0.0343427311753103,0.1190462750235075,0.3352888193284259,0.2204433154527051,303879.0
-1459.5,-12003.0,-3306.0,-310.5,2.0,2.0,1.0,-2330.0,-841.35582010582,-4359.0,0.0,1.0,0.0,0.2754311422144463,0.4629493299990873,0.6251608915905059,0.1455428133497032,130334.0
-1143.6666666666667,-16828.0,-3893.0,-341.1666666666667,2.0,3.0,0.0,-3233.0,-944.0,-349.0,0.0,0.0,0.0,0.2313406227715712,0.4268934877341134,0.4943766850776106,0.6910212267577837,263995.0
-201.66666666666663,-15678.0,-447.0,-15.666666666666666,2.0,2.0,1.0,-809.0,-1.0,-6070.0,1.0,1.0,0.0,0.0285112897053195,0.3865672459001976,0.0749129047027789,0.0472748180273464,133616.0
-842.3333333333334,-10154.0,-683.0,-380.0,2.0,2.0,0.0,-520.0,-557.5,-2736.0,0.0,0.0,1.0,0.0672641323616308,0.5345235479598733,0.5866807725663695,0.6769925032909132,255357.0
-1374.8181818181818,-12290.0,-205.0,-952.0,2.0,2.0,1.0,-2596.0,-1093.1666666666667,-1052.0,1.0,1.0,0.0,0.016680227827502,0.36942762276134,0.6397987546054095,0.3001077565791181,327465.0
-923.4285714285714,-11135.0,-2032.0,-697.2857142857143,2.0,2.0,1.0,-236.0,-873.6,-2546.0,1.0,0.0,0.0,0.1824876515491693,0.2078062574172039,0.7554499790712167,0.7136313997323308,337422.0
-1486.7142857142858,-23097.0,-7174.0,-667.0,3.0,3.0,0.0,-1445.0,-1416.0,-4497.0,0.0,1.0,1.0,0.3106031086288262,0.7024197613006873,0.7864291687270237,0.6594055320683344,359448.0
-2051.0,-15985.0,-2196.0,-1638.2,2.0,2.0,1.0,0.0,-2036.0,-4083.0,0.0,0.0,0.0,0.1373787926180794,0.5880654839439835,0.2389650385096245,0.7597121819739279,371147.0
-600.6666666666666,-9947.0,-2110.0,-311.3333333333333,2.0,2.0,1.0,-928.0,-666.0,-407.0,1.0,1.0,0.0,0.2121242585704232,0.2017788459774935,0.229002990241038,0.6127042441012546,321120.0
-1482.75,-13583.0,-316.0,-994.625,2.0,2.0,0.0,-908.0,-1261.0,-4131.0,0.0,0.0,0.0,0.0232643745858794,0.5911680706730819,0.5408478205447081,0.375711009574066,105211.0
-1652.111111111111,-13771.0,-2994.0,-1087.7777777777778,1.0,1.0,1.0,-256.0,-1697.0,-4320.0,0.0,1.0,0.0,0.2174134049814828,0.5108759128668632,0.7450518788197301,0.5797274227921155,189316.0
-385.3333333333333,-16695.0,-180.0,-55.0,1.0,1.0,1.0,0.0,-28.0,-257.0,1.0,0.0,0.0,0.0107816711590296,0.3643178643738602,0.7452678130027758,0.3046721837533529,187592.0
-691.0,-22053.0,-994.6666666666666,-21.0,2.0,2.0,0.0,-3.0,-750.5,-3695.0,0.0,1.0,0.0,0.0460827888998849,0.6383479338582517,0.4210801777818533,0.5779691187553125,163688.0
-1133.75,-11404.0,-2121.0,-612.0,2.0,2.0,1.0,0.0,-1083.6666666666667,-3397.0,0.0,0.0,1.0,0.185987372851631,0.5044179912660667,0.2611260645795246,0.4083588531230431,276607.0
-2367.0,-17683.0,-1659.0,-1850.0,2.0,2.0,0.0,-526.0,-1867.0,-1233.0,0.0,1.0,0.0,0.093818922128598,0.6042606020143307,0.7011357453908916,0.780965037780215,284722.0
-329.6666666666667,-8370.0,-294.0,-124.0,2.0,2.0,1.0,-501.0,-336.0,-1062.0,1.0,0.0,0.0,0.0351254480286738,0.3759953293464509,0.5572774866470551,0.4902575124990026,199807.0
-227.0,-17514.0,-469.0,-25.0,2.0,2.0,1.0,0.0,-489.0333333333333,-1065.0,1.0,0.0,0.0,0.0267785771382893,0.7371831512016529,0.6134376065393188,0.4206109640437848,221673.0
-1203.020202020202,-16615.0,-2251.0,-802.1515151515151,2.0,2.0,1.0,0.0,-1013.2962962962962,-134.0,0.0,0.0,0.0,0.1354799879626843,0.5832053650124805,0.3819147068768348,0.5120196030116736,249126.0
-880.75,-23693.0,-2768.0,-256.5,2.0,2.0,0.0,-866.0,-574.0,-4220.0,0.0,0.0,0.0,0.116873808707472,0.7482047772970376,0.6951588982355151,0.6658549219640212,102712.0
-1120.5,-15350.0,-1619.0,-467.75,2.0,2.0,0.0,-2139.0,-1033.2777777777778,-4393.0,0.0,0.0,0.0,0.105472312703583,0.5816881766018817,0.5425297187680556,0.5632467030459187,170434.0
-862.5,-12509.0,-744.0,-436.0,2.0,2.0,1.0,0.0,-871.0,-5163.0,1.0,1.0,0.0,0.0594771764329682,0.6486279674175268,0.6654257112313979,0.7091891096653581,117060.0
-1109.351851851852,-15461.0,-155.0,-887.2407407407409,3.0,3.0,1.0,-451.0,-966.888888888889,-2891.0,0.0,0.0,0.0,0.0100252247590712,0.6441414944532475,0.6244637231104513,0.4599905985995351,116671.0
-665.0,-23463.0,-4828.333333333333,-262.0,2.0,2.0,0.0,-2364.0,-449.75,-3940.0,0.0,1.0,0.0,0.209297689396311,0.8155557997294159,0.6306022011688209,0.2764406945454034,118278.0
-1095.857142857143,-23064.0,-8683.0,-593.5714285714286,2.0,2.0,0.0,0.0,-1023.25,-4042.0,0.0,0.0,0.0,0.3772562318803978,0.818670532575171,0.6996352045065669,0.4066174366275036,305982.0
-1198.0,-11478.0,-4498.0,-146.5,2.0,2.0,1.0,0.0,-256.0,-3473.0,0.0,0.0,1.0,0.3918801184875414,0.3193680655619425,0.7233264152673139,0.2115507642052577,323546.0
-1007.3636363636364,-22318.0,-2641.0,-459.27272727272725,2.0,2.0,0.0,-1748.0,-865.7142857142857,-4730.0,0.0,1.0,0.0,0.1190569383539342,0.7422699503267262,0.7499427275572819,0.4436153084085652,371872.0
-208.5,-22775.0,-907.0,-12.5,1.0,1.0,1.0,-743.0,-640.5,-4144.0,0.0,1.0,0.0,0.0398243688254665,0.8086984291613136,0.7607751325720278,0.4048783643353997,334420.0
-2290.0,-19627.0,-1646.0,-1469.3333333333333,2.0,2.0,1.0,-1498.0,-1492.8333333333333,-3028.0,0.0,0.0,0.0,0.0838640648086819,0.7143564851577809,0.5585234041772139,0.7530673920730478,441533.0
-948.0,-19409.0,-912.0,-134.30555555555554,2.0,2.0,1.0,-1780.0,-1068.9305555555554,-2881.0,0.0,0.0,0.0,0.0469885104848266,0.7136533180958579,0.5685058739405857,0.5356547084638926,249729.0
-2080.5,-14353.0,-4495.0,-911.25,2.0,2.0,1.0,-2183.0,-1349.5,-3553.0,0.0,0.0,0.0,0.3131749460043196,0.296807215321055,0.6902247318228932,0.7801436381572275,151941.0
-1395.0,-11618.0,-2300.0,-666.5,2.0,2.0,1.0,-1110.0,-1318.0,-4082.0,1.0,1.0,0.0,0.1979686693062489,0.2564647342063524,0.5068569406977503,0.5352762504724826,288222.0
-1948.0,-15686.0,-4466.0,-1397.0,2.0,2.0,0.0,0.0,-1401.0,-5033.0,0.0,1.0,0.0,0.2847124824684432,0.4461911757869547,0.5331862806077896,0.8435435389318647,194459.0
-849.6666666666666,-23091.0,-1699.6666666666667,-502.3333333333333,2.0,2.0,0.0,-559.0,-1461.0,-4506.0,0.0,1.0,0.0,0.0742001440793996,0.7253800239833158,0.0083506396341832,0.3506958432829587,272141.0
-571.4,-22983.0,-1120.6666666666667,-214.2,3.0,3.0,0.0,-244.0,-514.0,-4424.0,0.0,1.0,0.0,0.0496345104992487,0.7943148159414765,0.3038118858261645,0.4436153084085652,130099.0
-1408.5,-13926.0,-3546.0,-873.0,2.0,2.0,1.0,-2868.0,-1303.0,-219.0,0.0,1.0,0.0,0.2546316242998707,0.6259193175543191,0.6343230790249411,0.6738300778602003,140824.0
-746.4117647058823,-10110.0,-1685.0,-269.88235294117646,3.0,3.0,0.0,-1534.0,-395.875,-1957.0,0.0,1.0,0.0,0.1666666666666666,0.5188384089910528,0.0376719302399588,0.2055981385493208,152726.0
-2150.0,-23723.0,-2113.6666666666665,-1180.0,2.0,2.0,0.0,-435.0,-1928.0,-4655.0,0.0,1.0,0.0,0.0905332019593728,0.6959523679960761,0.5734928815665653,0.4794489811780563,185016.0
-347.0,-16352.0,-2206.0,-93.0,2.0,2.0,1.0,-69.0,-587.5833333333334,-4218.0,1.0,0.0,0.0,0.1349070450097847,0.7341253951268701,0.4189919700762159,0.2055981385493208,110388.0
-627.3333333333334,-9875.0,-589.0,-32.666666666666664,2.0,2.0,0.0,-1042.0,-80.0,-2542.0,1.0,1.0,0.0,0.0596455696202531,0.2210444676149936,0.6157943303309683,0.3689687382528466,213314.0
-1637.0,-15059.0,-3263.0,-1207.0,1.0,1.0,1.0,-1903.0,-2386.0,-4487.0,0.0,1.0,0.0,0.2166810545188923,0.3614248770040841,0.7346656132774878,0.6363761710860439,159011.0
-611.0,-15810.0,-3455.0,-318.6666666666667,2.0,2.0,1.0,-1178.0,-429.0,-1513.0,0.0,1.0,0.0,0.2185325743200506,0.3425527241605463,0.4849287524039638,0.3296550543128238,218391.0
-1181.0,-17944.0,-876.6666666666666,-413.5,3.0,3.0,0.0,-3061.0,-1019.2222222222222,-1503.0,0.0,0.0,0.0,0.0489882155430822,0.7191131542182732,0.4868952698402079,0.724626094964957,371018.0
-208.0,-23285.0,-4434.0,-7.0,1.0,1.0,1.0,0.0,-293.3703703703704,-4111.0,0.0,1.0,0.0,0.1904230191110156,0.7377590959869447,0.749823785571498,0.3979463219016906,160577.0
-910.0909090909092,-14217.0,-2220.0,-597.6363636363636,1.0,1.0,0.0,-769.0,-798.1111111111111,-2343.0,0.0,1.0,1.0,0.1561510867271576,0.4817308460777006,0.7634274660584507,0.5656079814115492,378878.0
-2169.5,-14568.0,-3889.0,-1743.0,2.0,2.0,0.0,-572.0,-1894.5,-4299.0,0.0,1.0,0.0,0.2669549697968149,0.5266461831468029,0.2467856705956364,0.5424699526213562,105870.0
-1409.3333333333333,-19412.0,-2035.0,-822.7777777777778,2.0,2.0,1.0,0.0,-1142.6666666666667,-2941.0,1.0,1.0,0.0,0.1048320626416649,0.8427072328798095,0.6707740393259827,0.4776491548517548,297315.0
-681.1666666666666,-15182.0,-3029.0,-220.8333333333333,2.0,2.0,1.0,0.0,-323.25,-4571.0,1.0,1.0,0.0,0.1995125806876564,0.5274902591704062,0.5255373797476611,0.4206109640437848,190807.0
-1650.25,-12620.0,-172.0,-537.125,2.0,2.0,0.0,-3064.0,-1340.25,-4410.0,0.0,0.0,1.0,0.0136291600633914,0.8271395473052894,0.6997271040866192,0.2539628093363117,328324.0
-1387.375,-12617.0,-3863.0,-760.4375,2.0,2.0,0.0,-2390.0,-1486.3636363636365,-3504.0,0.0,1.0,0.0,0.3061742094000158,0.6613116004846714,0.0100093611746672,0.1437580534911652,356453.0
-262.8,-18837.0,-1185.0,-21.8,2.0,2.0,1.0,-498.0,-518.5,-2321.0,1.0,1.0,0.0,0.0629081063863672,0.6678611445771174,0.5933826331086234,0.4311917977993083,324945.0
-2310.0,-19235.0,-8498.0,-2066.0,2.0,2.0,1.0,-1491.0,-2066.0,-2780.0,0.0,0.0,1.0,0.4417988042630621,0.713826833145549,0.5705377669409688,0.5744466170995097,272018.0
-553.6,-14617.0,-1287.0,-41.0,2.0,2.0,1.0,-656.0,-161.0,-4416.0,1.0,0.0,0.0,0.0880481630977628,0.4630519906193557,0.6307753770016169,0.4848514754962666,130283.0
-991.7222222222224,-17865.0,-1237.0,-596.8518518518518,2.0,2.0,0.0,-718.0,-820.3333333333334,-1410.0,1.0,0.0,0.0,0.0692415337251609,0.701656543265005,0.6142928633127689,0.5188598780952628,116981.0
-284.0,-20487.0,-1948.0,-99.5,2.0,2.0,0.0,-1574.0,-184.0,-4004.0,0.0,1.0,0.0,0.0942909979516613,0.7630683486739713,0.2974305732549437,0.6380435278721609,400541.0
-1022.7142857142856,-18989.0,-3940.0,-661.8095238095239,2.0,2.0,1.0,-679.0,-1365.0,-2537.0,0.0,1.0,0.0,0.2074885460003159,0.6600927125992319,0.2075829476378588,0.0651096140026964,384473.0
-1222.1666666666667,-19562.0,-2668.0,-326.8333333333333,2.0,2.0,0.0,-2845.0,-570.0,-3114.0,1.0,1.0,0.0,0.1363868725079235,0.7660042556108149,0.675666506598808,0.7435593141311444,358796.0
-1278.6666666666667,-12858.0,-1372.0,-912.5,2.0,2.0,1.0,-588.0,-1192.25,-4236.0,0.0,1.0,0.0,0.106703997511277,0.3289340272811956,0.1396007510513652,0.3606125659189888,174777.0
-412.0,-13930.0,-1578.0,-30.0,3.0,3.0,1.0,-425.0,-215.6,-714.0,0.0,1.0,1.0,0.1132806891600861,0.544567950850184,0.1815141938043337,0.5352762504724826,123428.0
-368.7142857142857,-8158.0,-798.0,-214.1428571428572,2.0,2.0,1.0,-408.0,-373.0,-840.0,0.0,0.0,0.0,0.097818092669772,0.2129515626929993,0.5343726237342237,0.2009260877159709,390254.0
-1217.0,-18650.0,-1153.0,-82.33333333333333,2.0,2.0,0.0,-3186.0,-2257.0,-2205.0,0.0,1.0,1.0,0.061823056300268,0.8745861278776051,0.6398995388878062,0.4614823912998385,212672.0
-229.5,-18666.0,-909.0,-47.0,2.0,2.0,1.0,-570.0,-497.4015151515152,-2159.0,1.0,0.0,0.0,0.0486981677917068,0.6590415074470162,0.400090166282404,0.3016248916841194,364600.0
-1589.4722222222224,-20280.0,-1951.0,-600.5277777777777,2.0,2.0,1.0,-693.0,-1431.25,-3519.0,0.0,0.0,0.0,0.0962031558185404,0.7439581273475468,0.704956897695178,0.6924191659671136,122659.0
-480.9333333333333,-22633.0,-5033.666666666667,-295.93333333333334,2.0,2.0,0.0,-288.0,-556.5,-4608.0,0.0,1.0,0.0,0.2210265269546546,0.672430546394524,0.5084856906504007,0.2594676548211199,343041.0
-964.956349206349,-21351.0,-1568.0,-550.2698412698412,1.0,1.0,0.0,-470.0,-760.638888888889,-4643.0,1.0,0.0,0.0,0.073439183176432,0.8380718023510085,0.6161305646473193,0.5909231468598376,288918.0
-855.8,-21158.0,-1262.3333333333333,-552.8,2.0,2.0,0.0,-1619.0,-706.5,-4665.0,0.0,1.0,0.0,0.0586434284725254,0.71851910360774,0.5912493008496675,0.6594055320683344,442545.0
-1705.0,-16415.0,-3640.0,-907.25,2.0,2.0,0.0,-3682.0,-1356.6666666666667,-4442.0,0.0,0.0,0.0,0.2217484008528784,0.4405516874559463,0.71093391551603,0.7838324335199619,435818.0
-889.9166666666666,-15564.0,-991.0,-93.25,2.0,2.0,1.0,-611.0,-958.125,-4467.0,1.0,0.0,0.0,0.0636725777435106,0.5472210924733364,0.0844637743603748,0.4144182769347087,282959.0
-529.4,-15078.0,-748.0,-250.2,3.0,3.0,1.0,-2564.0,-1092.0,-4973.0,1.0,1.0,0.0,0.0496087014192863,0.3945412400293739,0.6503372717540695,0.2471909382666521,305084.0
-546.3888888888888,-9244.0,-1324.0,-256.4444444444444,2.0,2.0,0.0,-335.0,-446.8333333333333,-1145.0,0.0,1.0,1.0,0.1432280398096062,0.3316651837483708,0.7380363725233399,0.5021354548459417,289975.0
-1188.0,-14648.0,-1498.0,-31.0,2.0,2.0,1.0,-1432.0,-768.8603174603173,-752.0,0.0,0.0,0.0,0.1022665210267613,0.671381843230339,0.5178054970091112,0.6738300778602003,427948.0
-600.3333333333334,-10235.0,-2389.0,-425.0,2.0,2.0,1.0,-1082.0,-561.2857142857143,-2897.0,1.0,0.0,0.0,0.2334147532975085,0.196686667961978,0.3992611722708167,0.2707073872651806,386498.0
-488.5,-10247.0,-1471.0,-304.75,3.0,3.0,1.0,-930.0,-581.0,-2827.0,1.0,0.0,0.0,0.143554210988582,0.2010594002802968,0.1962145754810568,0.2970866116472028,323798.0
-1035.4444444444443,-13136.0,-3736.0,-278.8888888888889,2.0,2.0,0.0,-1944.0,-779.3333333333334,-4911.0,0.0,1.0,1.0,0.2844092570036541,0.5597451362132796,0.698871819010661,0.3927738606031339,446954.0
-1503.0,-16003.0,-198.0,-557.8,1.0,1.0,1.0,-1516.0,-1176.8,-1538.0,0.0,1.0,1.0,0.012372680122477,0.4470531421092642,0.6551501800528587,0.3672910183026313,166883.0
-964.1666666666666,-15900.0,-2551.0,-433.4166666666667,2.0,2.0,1.0,-371.0,-969.4166666666666,-4160.0,0.0,1.0,0.0,0.160440251572327,0.6797161437687184,0.5394888615245458,0.4582199832171914,408567.0
-407.5,-15984.0,-522.0,-330.5,2.0,2.0,0.0,-151.0,-633.0,-3545.0,0.0,1.0,0.0,0.0326576576576576,0.3659195946536512,0.2545690251155772,0.1694287272664794,220952.0
-692.5,-21017.0,-5853.333333333333,-208.0,3.0,3.0,0.0,-366.0,-357.0,-4089.0,0.0,1.0,0.0,0.2801733869396511,0.7917487166594808,0.4805986832471789,0.4048783643353997,415723.0
-77.0,-12419.0,-2714.0,-18.0,2.0,2.0,1.0,-1773.0,-422.1047619047619,-1450.0,0.0,1.0,0.0,0.2185361140188421,0.659869459377792,0.5259408579375783,0.3201633668633456,294972.0
-462.0,-23320.0,-3316.333333333333,-336.0,2.0,2.0,0.0,0.0,-336.0,-4529.0,0.0,1.0,0.0,0.1407113006892812,0.8198528820456366,0.6945236658741649,0.4783119814949024,322863.0
-1091.25,-11172.0,-1092.0,-280.5,2.0,2.0,1.0,-1892.0,-825.5,-3198.0,0.0,1.0,0.0,0.0977443609022556,0.3384103871231889,0.0643547837054583,0.5814837058057234,408865.0
-1006.1666666666666,-22716.0,-6300.0,-541.6666666666666,2.0,2.0,0.0,-2664.0,-801.0,-4603.0,0.0,1.0,0.0,0.2679568309705101,0.7811790492928191,0.1156673413318454,0.6785676886853644,353310.0
-130.0,-14282.0,-343.0,-6.0,2.0,2.0,1.0,-354.0,-559.5833333333334,-3777.0,0.0,0.0,0.0,0.0240162442234981,0.2824886836537059,0.5672448293624817,0.8117227926101218,410769.0
-1016.6363636363636,-17683.0,-1302.0,-575.9090909090909,2.0,2.0,1.0,-3155.0,-936.8333333333334,-1244.0,0.0,1.0,1.0,0.073630040151558,0.8333616967942593,0.7819550821541751,0.6161216908872079,329755.0
-1722.5,-10993.0,-4146.0,-925.75,3.0,3.0,1.0,-1999.0,-1809.3333333333333,-3108.0,1.0,0.0,0.0,0.3771490948785591,0.1374936632973632,0.2047520716934452,0.8050196619153701,153322.0
-1233.2,-12721.0,-1487.0,-309.2,2.0,2.0,0.0,-2560.0,-1157.6666666666667,-4979.0,0.0,0.0,1.0,0.1168933259963839,0.4252567199894729,0.5946061300251548,0.646329897706246,158698.0
-1287.4,-21383.0,-1021.0,-911.2,3.0,3.0,0.0,-1964.0,-1137.5,-4514.0,0.0,1.0,0.0,0.0477437312829745,0.6221458386109369,0.126324822144776,0.5814837058057234,150807.0
-1721.6666666666667,-20992.0,-768.0,-1242.0,2.0,2.0,1.0,-1657.0,-1860.5,-4522.0,0.0,0.0,0.0,0.0365853658536585,0.6448989916718711,0.7041739880241935,0.7557400501752248,450884.0
-1391.6666666666667,-17806.0,-292.0,-868.4,1.0,1.0,0.0,-571.0,-1313.9,-1359.0,0.0,0.0,1.0,0.0163989666404582,0.4763292136511152,0.6902153805304649,0.5341905123814722,410777.0
-659.8555555555555,-20731.0,-1990.0,-412.5333333333333,3.0,3.0,0.0,-147.0,-726.5555555555557,-651.0,0.0,0.0,0.0,0.0944459360638353,0.7345141824155608,0.0099712956236646,0.5394514891061749,186992.0
-1251.8,-23665.0,-4183.0,-561.0,2.0,2.0,0.0,-1751.0,-908.5714285714286,-4560.0,0.0,1.0,0.0,0.1803902226144498,0.6873357570536808,0.4452958376096058,0.6195277080511546,324150.0
-1390.0,-16901.0,-956.0,-1049.6,2.0,3.0,1.0,-848.0,-1204.6,-458.0,0.0,1.0,0.0,0.0565647003135909,0.6091142678622234,0.4631073730404519,0.6430255641096323,401408.0
-732.8,-9538.0,-1049.0,-193.4,2.0,2.0,1.0,-3.0,-588.6666666666666,-1923.0,0.0,0.0,0.0,0.1099811281191025,0.2767553175276703,0.6688152820991569,0.2793353208976285,103249.0
-641.5185185185186,-14636.0,-712.0,-95.7777777777778,2.0,2.0,1.0,-175.0,-1021.6,-464.0,1.0,1.0,0.0,0.0486471713582946,0.5258430744117811,0.2652563401861944,0.3626266338847856,367048.0
-424.8571428571428,-8337.0,-1108.0,-192.57142857142856,2.0,2.0,0.0,-433.0,-424.6666666666667,-1000.0,1.0,0.0,0.0,0.1329015233297349,0.0200579082961727,0.0096720956930265,0.3523399726917038,291104.0
-414.5,-21380.0,-4836.0,-218.5,2.0,2.0,0.0,-392.0,-428.0,-4620.0,0.0,1.0,0.0,0.2244884454950102,0.5403446339918118,0.362662611646172,0.5848206839664343,258478.0
-881.5555555555555,-15332.0,-4929.0,-153.44444444444446,2.0,2.0,1.0,-1499.0,-552.5,-4798.0,0.0,1.0,0.0,0.3214844769110357,0.38024836499549,0.6601277577887161,0.470456116119975,352111.0
-1162.0,-20231.0,-6527.0,-978.0,1.0,1.0,0.0,-267.0,-978.0,-3703.0,0.0,1.0,0.0,0.3226236963076467,0.8719625819386602,0.7209570156951512,0.7649392739475195,393931.0
-264.6,-18649.0,-575.0,-30.6,2.0,2.0,0.0,-431.0,-577.3333333333334,-2197.0,0.0,1.0,1.0,0.0308327524264035,0.8469081277726846,0.6189144205549534,0.1714683668967994,139309.0
-1590.5,-13441.0,-543.0,-742.3333333333334,2.0,2.0,1.0,-453.0,-1359.3333333333333,-1838.0,0.0,0.0,0.0,0.0403987798526895,0.4042012019379629,0.3028045325068522,0.4118485559242397,386016.0
-1368.909090909091,-16176.0,-2602.0,-869.0909090909091,2.0,2.0,1.0,-2403.0,-1106.0,-2703.0,1.0,1.0,0.0,0.1608555885262116,0.5858045430810792,0.5072340815770318,0.4418358231994413,170846.0
-627.4,-10331.0,-343.0,-385.6,2.0,2.0,1.0,0.0,-315.25,-1940.0,1.0,1.0,0.0,0.0332010453973477,0.2787040250285278,0.317247276365969,0.3572932680336494,114260.0
-709.3333333333334,-18256.0,-2391.0,-449.6666666666667,2.0,2.0,1.0,-909.0,-460.3333333333333,-1779.0,0.0,1.0,0.0,0.1309706397896582,0.7110299499684891,0.7219896708318009,0.6722428897082422,206269.0
-539.0,-18502.0,-3698.0,-40.5,2.0,2.0,1.0,-3188.0,-233.5,-2030.0,0.0,1.0,0.0,0.1998702842935898,0.6395512262160145,0.6985035283572596,0.6577838002083306,414406.0
-1061.288888888889,-16276.0,-3097.0,-821.1999999999999,2.0,2.0,0.0,-1896.0,-1298.642857142857,-4710.0,0.0,1.0,0.0,0.1902801671172278,0.5151930825036162,0.7223626051292398,0.4920877149824149,177842.0
-1452.6666666666667,-12166.0,-1001.0,-639.6666666666666,3.0,3.0,1.0,-192.0,-1391.0,-3139.0,0.0,0.0,0.0,0.0822784810126582,0.3426465041242126,0.5084692946783511,0.5971924268337128,117643.0
-555.3333333333334,-9989.0,-368.0,-211.66666666666663,1.0,1.0,0.0,-478.0,-617.0,-2051.0,0.0,0.0,0.0,0.0368405245770347,0.0918891484496358,0.6094424288385767,0.178760465484575,326461.0
-691.9090909090909,-12382.0,-2826.0,-316.1818181818182,2.0,2.0,1.0,-1301.0,-295.2857142857143,-2288.0,0.0,1.0,0.0,0.2282345340009691,0.4718500454266568,0.4710542716090835,0.6006575372857061,241316.0
-699.0,-8902.0,-855.0,-140.33333333333334,3.0,3.0,1.0,-656.0,-295.6666666666667,-1548.0,0.0,0.0,0.0,0.0960458323972141,0.2678483567273245,0.0142722194903505,0.4999039522400457,107568.0
-774.0,-9716.0,-339.0,-19.666666666666668,2.0,2.0,1.0,0.0,-447.5833333333333,-2010.0,0.0,0.0,0.0,0.034890901605599,0.2455915579318307,0.1039851592744844,0.4578995512067301,228223.0
-1477.0,-19620.0,-3106.0,-462.0,2.0,2.0,1.0,-493.0,-468.0,-3155.0,1.0,0.0,0.0,0.1583078491335372,0.6817768729405125,0.1709733730066673,0.3344541255096772,252095.0
-943.125,-18220.0,-1639.0,-366.125,3.0,3.0,1.0,-454.0,-743.7222222222222,-1760.0,0.0,1.0,0.0,0.0899560922063666,0.5849100955792338,0.4644288521614292,0.4355343500265777,365795.0
-947.2857142857144,-10192.0,-1313.0,-548.0,2.0,2.0,1.0,0.0,-808.4,-2696.0,1.0,0.0,0.0,0.1288265306122449,0.3098059665298349,0.0472421866445471,0.7394117535524816,373315.0
-2146.0,-13478.0,-1395.0,-1513.5,2.0,2.0,1.0,-665.0,-1988.0,-3944.0,1.0,0.0,0.0,0.1035020032645793,0.5586597676103303,0.4945898680471389,0.6863823354047934,102364.0
-1695.6666666666667,-16294.0,-2922.0,-1013.3333333333334,2.0,2.0,1.0,-54.0,-1692.0,-4411.0,0.0,0.0,0.0,0.1793298146557015,0.7030090012160685,0.5153590264968327,0.5971924268337128,249901.0
-1857.875,-14806.0,-2953.0,-1287.375,2.0,2.0,1.0,-544.0,-1746.1666666666667,-4629.0,0.0,0.0,0.0,0.1994461704714305,0.3583688919696228,0.7298079884154054,0.3425288720742255,355192.0
-1442.0,-11736.0,-1816.0,-770.5,3.0,3.0,1.0,-57.0,-772.5,-2064.0,1.0,1.0,0.0,0.1547375596455351,0.3787592907452706,0.1246498156705633,0.7281412993111438,194959.0
-1678.5,-14415.0,-355.0,-736.5,2.0,2.0,1.0,-1832.0,-2042.0,-974.0,1.0,1.0,0.0,0.0246271245230662,0.5004558443314707,0.5060479750715194,0.7826078370261895,172316.0
-819.3333333333334,-18961.0,-2148.0,-417.3333333333333,2.0,2.0,0.0,-1.0,-1180.0,-2486.0,0.0,0.0,0.0,0.1132851642845841,0.6909697365980496,0.3034835954655065,0.6528965519806539,152363.0
-928.625,-22652.0,-5395.0,-467.5,2.0,2.0,0.0,-465.0,-1048.0,-4307.0,0.0,1.0,0.0,0.2436812475494446,0.5675123270071817,0.6460287838829192,0.8128226070575616,423338.0
-558.0,-12795.0,-2286.0,-318.5,2.0,2.0,0.0,-1077.0,-583.5,-4073.0,0.0,1.0,0.0,0.1786635404454865,0.7269159797821316,0.6482907571233852,0.6528965519806539,387217.0
-1148.5,-20577.0,-5362.333333333333,-662.75,2.0,2.0,0.0,-2098.0,-1089.6666666666667,-4072.0,0.0,1.0,0.0,0.2605081298180369,0.8844068330788076,0.6170662621919261,0.3979463219016906,197926.0
-1219.25,-16779.0,-6992.0,-394.77777777777777,2.0,2.0,1.0,-511.0,-896.8194444444443,-330.0,0.0,1.0,0.0,0.4167113653972227,0.4900712957531644,0.478481082750384,0.395342336294156,307881.0
-1347.6,-21658.0,-1956.3333333333333,-733.4,2.0,2.0,0.0,-1918.0,-1176.7777777777778,-5114.0,0.0,1.0,1.0,0.0918727566966379,0.8298145300141013,0.6658588658817576,0.4329616670974407,440278.0
-694.25,-20719.0,-2255.0,-123.0,1.0,1.0,0.0,-1421.0,-472.0,-4001.0,1.0,0.0,0.0,0.1088372990974467,0.7820021813251453,0.7602095406302785,0.5406544504453575,104801.0
-990.75,-21578.0,-1547.0,-254.25,2.0,2.0,0.0,-843.0,-663.25,-4913.0,0.0,1.0,0.0,0.0711027361851745,0.5004713134634765,0.6194558282613553,0.5849900404894085,196565.0
-770.0,-13441.0,-2226.0,-680.0,3.0,3.0,1.0,-933.0,-680.0,-3005.0,0.0,1.0,0.0,0.1656126776281526,0.5361199113129982,0.2572339252510343,0.6940926425266661,439704.0
-1983.0,-15577.0,-3699.0,-1026.5,2.0,2.0,0.0,0.0,-1063.0,-4264.0,0.0,0.0,1.0,0.2374654939975605,0.6473205102940329,0.2487296976618488,0.5088785397662856,324688.0
-319.5,-22892.0,-5373.0,-23.0,2.0,2.0,0.0,-846.0,-420.0277777777778,-2392.0,0.0,1.0,0.0,0.2344972929486716,0.8202262945471089,0.6796026231778216,0.4525335592581747,402055.0
-342.0,-11744.0,-1734.0,-21.0,3.0,3.0,1.0,-626.0,-480.0797101449275,-741.0,1.0,1.0,1.0,0.147649863760218,0.3143068657694466,0.5542595198686687,0.307989214496319,445391.0
-178.0,-11179.0,-678.3333333333334,-58.0,3.0,3.0,0.0,-634.0,-534.0,-791.0,0.0,1.0,0.0,0.0602658087600187,0.384780193036407,0.4008619597384004,0.0920128093981064,377262.0
-518.6666666666666,-15618.0,-2423.0,-255.3333333333333,2.0,2.0,1.0,-3429.0,-720.5,-4740.0,0.0,0.0,1.0,0.1551415033935202,0.4695286762657273,0.5046923421915086,0.0371194125972502,436965.0
-283.3333333333333,-15908.0,-3154.0,-59.333333333333336,2.0,2.0,1.0,-2971.0,-610.9166666666666,-729.0,0.0,1.0,0.0,0.1982650238873523,0.4949048075505206,0.7030475891431283,0.1455428133497032,356300.0
-1920.076923076923,-20218.0,-6000.0,-1172.3076923076924,2.0,2.0,0.0,-2358.0,-1449.1666666666667,-3671.0,0.0,1.0,0.0,0.2998099794396248,0.644635783644873,0.7332736527661655,0.7062051096536562,240305.0
-1366.1666666666667,-21197.0,-3634.6666666666665,-1173.3333333333333,2.0,2.0,0.0,-1717.0,-1180.0,-3755.0,0.0,1.0,0.0,0.1719300908579184,0.642274263980676,0.7284432247482897,0.8016009030071296,294312.0
-1263.6634920634922,-21812.0,-2361.0,-699.2444444444444,2.0,2.0,0.0,-1702.0,-1018.4611111111112,-4599.0,0.0,0.0,0.0,0.1082431688978543,0.7237036804993535,0.7218711449036197,0.5899791333803591,130502.0
-1156.6666666666667,-17726.0,-4994.0,-833.0,2.0,2.0,1.0,0.0,-1248.0,-1273.0,0.0,0.0,0.0,0.2817330475008462,0.539696060163327,0.0348253833515832,0.4488203231045404,425093.0
-1321.7922077922078,-22598.0,-2496.6666666666665,-869.8917748917748,2.0,2.0,0.0,-1658.0,-1085.409523809524,-3942.0,0.0,1.0,0.0,0.1080878029870584,0.7785081978476933,0.2622583692422573,0.6816850076948128,315151.0
-1170.0,-15084.0,-6009.0,-933.6666666666666,2.0,2.0,0.0,-1398.0,-934.6666666666666,-4575.0,1.0,0.0,0.0,0.3983691328560064,0.2759509944425689,0.4081520073333836,0.7309873696832169,216750.0
-613.0,-21498.0,-3274.6666666666665,-167.0,2.0,2.0,0.0,-198.0,-430.0,-4728.0,0.0,1.0,0.0,0.1536721215165874,0.5584466937648933,0.7659849672020108,0.4938628816996244,206570.0
-2367.0,-11489.0,-1587.0,-2001.0,2.0,2.0,1.0,0.0,-2001.0,-3814.0,0.0,0.0,0.0,0.1381321263817564,0.2901209539349533,0.6800500398526071,0.7179527178985318,400730.0
-578.5,-9032.0,-1892.0,-270.25,2.0,2.0,0.0,-183.0,-993.0,-433.0,1.0,0.0,1.0,0.2094774136403897,0.372142281376135,0.6067011922349259,0.2301588968634147,226380.0
-84.0,-8154.0,-225.0,-24.0,2.0,2.0,0.0,-559.0,-441.0,-833.0,1.0,1.0,0.0,0.0275938189845474,0.1228360838533296,0.4168907128324509,0.4170996682522097,339693.0
-669.6666666666666,-11852.0,-188.0,-327.8333333333333,2.0,2.0,0.0,-669.0,-651.6666666666666,-2551.0,1.0,1.0,1.0,0.0158623017212284,0.6362323553413703,0.0602898484669645,0.7252764347002191,337952.0
-826.5833333333334,-10369.0,-755.0,-247.91666666666663,2.0,2.0,0.0,-1679.0,-439.75,-3059.0,0.0,1.0,1.0,0.0728131931719548,0.1927861193049861,0.6225798240319592,0.2970866116472028,207220.0
-1848.4,-11910.0,-3520.0,-931.0,1.0,1.0,0.0,-1881.0,-1920.3333333333333,-860.0,0.0,1.0,0.0,0.2955499580184719,0.366139075736252,0.7755008301799858,0.445396241560834,193702.0
-927.111111111111,-11667.0,-675.0,-376.9444444444444,2.0,2.0,1.0,-1220.0,-578.3000000000001,-3913.0,0.0,0.0,0.0,0.0578554898431473,0.3704990332414741,0.6170610949676,0.4516455735190479,311371.0
-456.5,-8548.0,-323.0,-41.5,2.0,2.0,0.0,-419.0,-132.0,-1237.0,1.0,0.0,0.0,0.0377866167524567,0.3683690106978752,0.2924286567647247,0.3092753558842053,244623.0
-2041.5,-23356.0,-3163.0,-1202.0,2.0,2.0,1.0,-466.0,-1673.75,-4387.0,0.0,1.0,0.0,0.1354255865730433,0.7948000256767059,0.6717825437089173,0.6512602186973006,350333.0
-1412.3,-20553.0,-2152.6666666666665,-778.6,2.0,2.0,0.0,-2689.0,-1293.4,-4045.0,0.0,1.0,0.0,0.1054189666234304,0.6459846559212563,0.5980224774599323,0.5797274227921155,366990.0
-495.6666666666667,-11787.0,-3696.0,-11.0,2.0,2.0,1.0,-661.0,-674.8055555555555,-3585.0,0.0,1.0,0.0,0.3135657928226011,0.5263334228778062,0.4085165447290733,0.375711009574066,284350.0
-329.5,-8598.0,-924.0,-113.0,2.0,2.0,0.0,-1.0,-213.0,-1283.0,0.0,1.0,1.0,0.1074668527564549,0.4697798406647559,0.608510340483574,0.1325974952361461,252711.0
-803.4285714285714,-15445.0,-641.0,-485.4285714285714,2.0,2.0,1.0,-932.0,-1127.3333333333333,-4897.0,0.0,1.0,0.0,0.0415021042408546,0.4521708536341474,0.1855577142493819,0.363945238612397,119484.0
-1243.2727272727273,-20929.0,-351.0,-767.9090909090909,1.0,1.0,0.0,-994.0,-1237.571428571429,-4165.0,0.0,0.0,0.0,0.0167709876248267,0.525365891750982,0.7871078572604812,0.3927738606031339,183843.0
-196.0,-13772.0,-2451.0,-10.0,1.0,1.0,1.0,-597.0,-723.6111111111112,-5475.0,0.0,1.0,0.0,0.1779697937844902,0.4894457798643833,0.6253094854911246,0.520897599048938,170220.0
-703.5,-22830.0,-6021.666666666667,-90.0,1.0,1.0,0.0,-1377.0,-1132.0,-4824.0,0.0,1.0,0.0,0.2723439681946897,0.7100494984825367,0.7906406110236197,0.6313545365850379,405967.0
-1275.1416666666669,-15901.0,-7313.0,-721.9333333333334,2.0,2.0,1.0,-2231.0,-1294.6666666666667,-4299.0,1.0,1.0,0.0,0.4599081818753537,0.4597675457950568,0.7259444604551407,0.5813113645052489,359092.0
-1753.5833333333333,-15429.0,-4813.0,-716.3333333333334,2.0,2.0,1.0,0.0,-1468.8333333333333,-4293.0,1.0,0.0,0.0,0.3119450385637436,0.542214022925787,0.1852439669851715,0.5028782772082183,138484.0
-1110.7,-10582.0,-1948.0,-460.5,2.0,2.0,1.0,-2748.0,-751.5,-3229.0,0.0,1.0,0.0,0.184086184086184,0.1445706126620574,0.2487296976618488,0.5082869913916046,157588.0
-1227.3478260869565,-11257.0,-2231.0,-678.6086956521739,2.0,2.0,1.0,0.0,-1105.578947368421,-3406.0,0.0,1.0,0.0,0.1981877942613485,0.5619745205966257,0.7430195593543008,0.6658549219640212,265873.0
-733.75,-12242.0,-2047.0,-496.5,3.0,3.0,0.0,-877.0,-511.5,-3821.0,0.0,1.0,0.0,0.1672112399934651,0.5884327471728364,0.3837437074049424,0.5531646987710016,164227.0
-1446.288888888889,-23576.0,-2276.0,-767.4,1.0,1.0,0.0,-1609.0,-1127.9111111111113,-4007.0,0.0,0.0,1.0,0.0990627569036982,0.7712129133312852,0.8017693598291863,0.6355543769318471,421818.0
-603.3,-16141.0,-1648.0,-105.9,1.0,1.0,0.0,0.0,-267.8333333333333,-4800.0,0.0,1.0,0.0,0.1021002416207174,0.7272369763459618,0.5115295221990542,0.5280927512030451,251071.0
-426.5,-18227.0,-5265.0,-98.7777777777778,2.0,2.0,1.0,-318.0,-867.3333333333334,-1698.0,0.0,1.0,0.0,0.2888571898831404,0.526879932615449,0.5916614522961817,0.5968256611168603,455445.0
-1051.2857142857142,-12080.0,-2784.0,-563.8571428571429,2.0,2.0,0.0,-1916.0,-787.3333333333334,-4078.0,1.0,0.0,1.0,0.2304635761589404,0.6644681735014498,0.742120816937802,0.746300213050371,299841.0
-1346.0,-22242.0,-1621.0,-984.75,3.0,3.0,0.0,0.0,-990.75,-4085.0,0.0,1.0,1.0,0.073987615251422,0.8810290486306925,0.6650994444116559,0.7713615919194317,230156.0
-1070.3846153846157,-14242.0,-970.0,-511.0,2.0,2.0,1.0,-828.0,-807.8888888888889,-4762.0,0.0,1.0,1.0,0.0681084117399241,0.3398026794164848,0.4321684826905672,0.2539628093363117,357512.0
-416.5,-12908.0,-3592.0,-31.0,3.0,3.0,1.0,-527.0,-795.3333333333334,-4270.0,0.0,1.0,0.0,0.2782770374961264,0.5496777557664745,0.7002322646955331,0.1309471529360181,298096.0
-1374.0,-13417.0,-3607.0,-351.0,2.0,2.0,0.0,-1173.0,-700.0,-2408.0,0.0,1.0,0.0,0.2688380412908996,0.5404984288771145,0.6812905975537306,0.6363761710860439,104222.0
-1695.8333333333333,-15622.0,-2489.0,-881.5833333333334,2.0,2.0,1.0,-531.0,-1447.7142857142858,-3552.0,0.0,1.0,1.0,0.1593265907054154,0.5071115170956831,0.6815801670439084,0.4489622731076524,404846.0
-810.2939393939395,-20838.0,-2294.6666666666665,-437.26969696969695,2.0,2.0,0.0,0.0,-673.4603174603175,-4387.0,0.0,1.0,0.0,0.1104062008661382,0.6663752683025234,0.7168207307640502,0.838724852442103,282429.0
-1323.0,-24455.0,-926.0,-746.3333333333334,2.0,2.0,0.0,-1216.0,-1100.5,-4669.0,0.0,1.0,0.0,0.0378625532688493,0.7302905734042001,0.6836647013978386,0.7076993447402619,422475.0
-486.5,-12040.0,-3735.0,-71.5,2.0,2.0,0.0,-995.0,-140.0,-3657.0,0.0,1.0,1.0,0.3102159468438538,0.4549290707309927,0.5566677482123471,0.5989262182569273,393467.0
-1227.1333333333334,-16520.0,-1367.0,-490.8333333333333,2.0,3.0,1.0,-752.0,-1236.9027777777776,-69.0,0.0,1.0,0.0,0.0827481840193704,0.5127360687185782,0.3263959912758633,0.6669615932523976,374710.0
-901.75,-21828.0,-4722.0,-307.0,2.0,2.0,0.0,-726.0,-1194.0,-4166.0,0.0,1.0,0.0,0.2146000625646897,0.6851700145976561,0.0846550550707215,0.2567055724393002,183638.0
-1707.5384615384614,-20589.0,-4129.333333333333,-827.3076923076923,2.0,2.0,0.0,-880.0,-1559.25,-4089.0,0.0,1.0,1.0,0.1997464941975261,0.7437215686861641,0.7284605272314534,0.2764406945454034,116693.0
-1811.888888888889,-20474.0,-13039.0,-680.6666666666666,2.0,2.0,0.0,-2482.0,-1048.6666666666667,-3882.0,1.0,1.0,0.0,0.6368565009280063,0.7849649645930664,0.6653770247239791,0.6315446879835754,238160.0
-1712.0,-13629.0,-1629.0,-465.5,2.0,2.0,0.0,-1170.0,-1711.3333333333333,-4901.0,1.0,1.0,0.0,0.1195245432533568,0.4804355052698732,0.7039826294989506,0.6144143775673561,394696.0
-69.0,-18006.0,-711.0,-35.0,2.0,2.0,0.0,0.0,-597.8333333333334,-1507.0,0.0,0.0,0.0,0.0394868377207597,0.4799707534642206,0.2285669946318717,0.1766525794312139,112352.0
-715.5,-16868.0,-536.0,-591.75,2.0,2.0,1.0,0.0,-2245.0,-408.0,1.0,0.0,1.0,0.0317761441783258,0.5560412206105753,0.3658123077666272,0.3425288720742255,153309.0
-591.5,-11723.0,-426.0,-123.5,2.0,2.0,1.0,-316.0,-257.0,-4133.0,0.0,0.0,0.0,0.0363388211208735,0.268430394626687,0.1195752057382453,0.4241303111942548,422975.0
-1911.6666666666667,-22266.0,-6928.333333333333,-1679.6666666666667,2.0,2.0,0.0,-401.0,-1682.3333333333333,-5582.0,0.0,1.0,0.0,0.309873716758628,0.5189456419897229,0.2962028246127759,0.7688075728291359,356957.0
-1345.857142857143,-14683.0,-1901.0,-1141.142857142857,2.0,2.0,1.0,-2702.0,-1985.5,-4727.0,1.0,1.0,1.0,0.1294694544711571,0.7631386596341433,0.652621222135832,0.1301285429480269,120569.0
-67.0,-15240.0,-2992.0,-24.0,2.0,2.0,1.0,-2021.0,-347.9047619047619,-412.0,1.0,1.0,0.0,0.1963254593175853,0.5261208023945775,0.4618135868722432,0.190705947811054,260503.0
-588.0,-9357.0,-2272.0,-221.0,2.0,2.0,0.0,-407.0,-222.0,-1976.0,0.0,0.0,0.0,0.2428128673720209,0.1309836436464809,0.2652563401861944,0.470456116119975,259222.0
-597.6,-21039.0,-457.6666666666667,-381.0,3.0,3.0,0.0,0.0,-918.5,-1976.0,0.0,1.0,0.0,0.0226510244801043,0.6064176143825751,0.5418892224760101,0.248535557339522,330349.0
-1555.037037037037,-20158.0,-2344.0,-879.3333333333334,2.0,2.0,0.0,-408.0,-1193.2105263157894,-3686.0,0.0,0.0,1.0,0.1162813771207461,0.6554563481697119,0.5366081935308513,0.1852020815902493,369032.0
-688.3333333333334,-21216.0,-14211.0,-245.66666666666663,2.0,2.0,0.0,-1559.0,-713.0,-4546.0,1.0,1.0,0.0,0.6698246606334841,0.4796005007683444,0.3007679143054522,0.445396241560834,227353.0
-467.5,-9419.0,-680.0,-172.0,2.0,2.0,1.0,-463.0,-341.0,-2087.0,1.0,0.0,1.0,0.0721945004777577,0.5264293724190511,0.7215153808083297,0.104119916429159,444121.0
-1649.0,-16269.0,-4946.0,-516.5,2.0,2.0,0.0,-880.0,-1094.0,-3905.0,0.0,1.0,0.0,0.3040137685168111,0.4796903281615778,0.5770459632492657,0.5549467685334323,174375.0
-552.0,-17863.0,-3674.0,-23.0,2.0,2.0,1.0,-1951.0,-779.375,-1398.0,0.0,1.0,0.0,0.2056765380955046,0.8591029584516942,0.7337865708373529,0.6075794738249111,237943.0
